สาขา,ชื่อเส้นทาง,ต้นทาง,lat ต้นทาง(เติม),lon ต้นทาง(เติม),ลิงก์แมพต้นทาง,ปลายทาง,lat ปลายทาง(เติม),lon ปลายทาง(เติม),ลิงก์แมพปลายทาง,สถานะที่ขาด
SKN,Better way,Better way,,,https://www.google.com/maps/search/?api=1&query=Better%20way%2029HG%2B878,Better way,,,https://www.google.com/maps/search/?api=1&query=Better%20way%2029HG%2B878,พิกัดต้นทาง + พิกัดปลายทาง
SKN,CP ALL คลังไดนามิค บางบัวทอง,CP ALL คลังไดนามิค บางบัวทอง,,,https://www.google.com/maps/search/?api=1&query=CP%20ALL%20%E0%B8%84%E0%B8%A5%E0%B8%B1%E0%B8%87%E0%B9%84%E0%B8%94%E0%B8%99%E0%B8%B2%E0%B8%A1%E0%B8%B4%E0%B8%84%20%E0%B8%9A%E0%B8%B2%E0%B8%87%E0%B8%9A%E0%B8%B1%E0%B8%A7%E0%B8%97%E0%B8%AD%E0%B8%87%202995%2BVW6,CP ALL คลังไดนามิค บางบัวทอง,,,https://www.google.com/maps/search/?api=1&query=CP%20ALL%20%E0%B8%84%E0%B8%A5%E0%B8%B1%E0%B8%87%E0%B9%84%E0%B8%94%E0%B8%99%E0%B8%B2%E0%B8%A1%E0%B8%B4%E0%B8%84%20%E0%B8%9A%E0%B8%B2%E0%B8%87%E0%B8%9A%E0%B8%B1%E0%B8%A7%E0%B8%97%E0%B8%AD%E0%B8%87%202995%2BVW6,พิกัดต้นทาง + พิกัดปลายทาง
SKN,CP ALL คลังออนไลน์ บางบัวทอง,CP ALL คลังออนไลน์ บางบัวทอง,,,https://www.google.com/maps/search/?api=1&query=CP%20ALL%20%E0%B8%84%E0%B8%A5%E0%B8%B1%E0%B8%87%E0%B8%AD%E0%B8%AD%E0%B8%99%E0%B9%84%E0%B8%A5%E0%B8%99%E0%B9%8C%20%E0%B8%9A%E0%B8%B2%E0%B8%87%E0%B8%9A%E0%B8%B1%E0%B8%A7%E0%B8%97%E0%B8%AD%E0%B8%87%202995%2BVW6,CP ALL คลังออนไลน์ บางบัวทอง,,,https://www.google.com/maps/search/?api=1&query=CP%20ALL%20%E0%B8%84%E0%B8%A5%E0%B8%B1%E0%B8%87%E0%B8%AD%E0%B8%AD%E0%B8%99%E0%B9%84%E0%B8%A5%E0%B8%99%E0%B9%8C%20%E0%B8%9A%E0%B8%B2%E0%B8%87%E0%B8%9A%E0%B8%B1%E0%B8%A7%E0%B8%97%E0%B8%AD%E0%B8%87%202995%2BVW6,พิกัดต้นทาง + พิกัดปลายทาง
SKN,DC-ดูโฮม  ธัญบุรี,DC-ดูโฮม  ธัญบุรี,,,https://www.google.com/maps/search/?api=1&query=DC-%E0%B8%94%E0%B8%B9%E0%B9%82%E0%B8%AE%E0%B8%A1%20%E0%B8%98%E0%B8%B1%E0%B8%8D%E0%B8%9A%E0%B8%B8%E0%B8%A3%E0%B8%B5%20XPPX%2BRHG,DC-ดูโฮม  ธัญบุรี,,,https://www.google.com/maps/search/?api=1&query=DC-%E0%B8%94%E0%B8%B9%E0%B9%82%E0%B8%AE%E0%B8%A1%20%E0%B8%98%E0%B8%B1%E0%B8%8D%E0%B8%9A%E0%B8%B8%E0%B8%A3%E0%B8%B5%20XPPX%2BRHG,พิกัดต้นทาง + พิกัดปลายทาง
SKN,KSLเทพารักษ์,KSLเทพารักษ์,,,https://www.google.com/maps/search/?api=1&query=KSL%E0%B9%80%E0%B8%97%E0%B8%9E%E0%B8%B2%E0%B8%A3%E0%B8%B1%E0%B8%81%E0%B8%A9%E0%B9%8C%20JJFQ%2B3C4%203003,KSLเทพารักษ์,,,https://www.google.com/maps/search/?api=1&query=KSL%E0%B9%80%E0%B8%97%E0%B8%9E%E0%B8%B2%E0%B8%A3%E0%B8%B1%E0%B8%81%E0%B8%A9%E0%B9%8C%20JJFQ%2B3C4%203003,พิกัดต้นทาง + พิกัดปลายทาง
SKN,PET HOME,PET HOME,,,https://www.google.com/maps/search/?api=1&query=PET%20HOME%20%E0%B9%80%E0%B8%A5%E0%B8%82%E0%B8%97%E0%B8%B5%E0%B9%8877/318%E0%B8%AB%E0%B8%A1%E0%B8%B9%E0%B9%88%E0%B8%97%E0%B8%B5%E0%B9%885,PET HOME,,,https://www.google.com/maps/search/?api=1&query=PET%20HOME%20%E0%B9%80%E0%B8%A5%E0%B8%82%E0%B8%97%E0%B8%B5%E0%B9%8877/318%E0%B8%AB%E0%B8%A1%E0%B8%B9%E0%B9%88%E0%B8%97%E0%B8%B5%E0%B9%885,พิกัดต้นทาง + พิกัดปลายทาง
SKN,PET LOVE STORE,PET LOVE STORE,,,https://www.google.com/maps/search/?api=1&query=PET%20LOVE%20STORE%20%E0%B9%80%E0%B8%A5%E0%B8%82%E0%B8%97%E0%B8%B5%E0%B9%885/19%E0%B8%AB%E0%B8%A1%E0%B8%B9%E0%B9%88%E0%B8%97%E0%B8%B5%E0%B9%8814,PET LOVE STORE,,,https://www.google.com/maps/search/?api=1&query=PET%20LOVE%20STORE%20%E0%B9%80%E0%B8%A5%E0%B8%82%E0%B8%97%E0%B8%B5%E0%B9%885/19%E0%B8%AB%E0%B8%A1%E0%B8%B9%E0%B9%88%E0%B8%97%E0%B8%B5%E0%B9%8814,พิกัดต้นทาง + พิกัดปลายทาง
SKN,PORNARONG PETSHOP,PORNARONG PETSHOP,,,https://www.google.com/maps/search/?api=1&query=PORNARONG%20PETSHOP%20%E0%B9%80%E0%B8%A5%E0%B8%82%E0%B8%97%E0%B8%B5%E0%B9%8850/1%E0%B8%AB%E0%B8%A1%E0%B8%B9%E0%B9%886%E0%B8%8B.%E0%B8%AA%E0%B8%B8%E0%B8%82%E0%B8%AA%E0%B8%A7%E0%B8%B1%E0%B8%AA%E0%B8%94%E0%B8%B4%E0%B9%8C76%E0%B8%96.%E0%B8%AA%E0%B8%B8%E0%B8%82%E0%B8%AA%E0%B8%A7%E0%B8%B1%E0%B8%AA%E0%B8%94%E0%B8%B4%E0%B9%8C,PORNARONG PETSHOP,,,https://www.google.com/maps/search/?api=1&query=PORNARONG%20PETSHOP%20%E0%B9%80%E0%B8%A5%E0%B8%82%E0%B8%97%E0%B8%B5%E0%B9%8850/1%E0%B8%AB%E0%B8%A1%E0%B8%B9%E0%B9%886%E0%B8%8B.%E0%B8%AA%E0%B8%B8%E0%B8%82%E0%B8%AA%E0%B8%A7%E0%B8%B1%E0%B8%AA%E0%B8%94%E0%B8%B4%E0%B9%8C76%E0%B8%96.%E0%B8%AA%E0%B8%B8%E0%B8%82%E0%B8%AA%E0%B8%A7%E0%B8%B1%E0%B8%AA%E0%B8%94%E0%B8%B4%E0%B9%8C,พิกัดต้นทาง + พิกัดปลายทาง
SKN,TWO SIS CATSHOP,TWO SIS CATSHOP,,,https://www.google.com/maps/search/?api=1&query=TWO%20SIS%20CATSHOP%20%E0%B9%80%E0%B8%A5%E0%B8%82%E0%B8%97%E0%B8%B5%E0%B9%889%E0%B8%AB%E0%B8%A1%E0%B8%B9%E0%B9%88%E0%B8%97%E0%B8%B5%E0%B9%881,TWO SIS CATSHOP,,,https://www.google.com/maps/search/?api=1&query=TWO%20SIS%20CATSHOP%20%E0%B9%80%E0%B8%A5%E0%B8%82%E0%B8%97%E0%B8%B5%E0%B9%889%E0%B8%AB%E0%B8%A1%E0%B8%B9%E0%B9%88%E0%B8%97%E0%B8%B5%E0%B9%881,พิกัดต้นทาง + พิกัดปลายทาง
SKN,We.our pet shop,We.our pet shop,,,https://www.google.com/maps/search/?api=1&query=We.our%20pet%20shop%20%E0%B9%80%E0%B8%A5%E0%B8%82%E0%B8%97%E0%B8%B5%E0%B9%88467%E0%B8%AB%E0%B8%A1%E0%B8%B9%E0%B9%88%E0%B8%97%E0%B8%B5%E0%B9%8810%E0%B8%96%E0%B8%99%E0%B8%99%E0%B8%9B%E0%B8%A3%E0%B8%B0%E0%B8%8A%E0%B8%B2%E0%B8%AD%E0%B8%B8%E0%B8%97%E0%B8%B4%E0%B8%A8-%E0%B8%84%E0%B8%B9%E0%B9%88%E0%B8%AA%E0%B8%A3%E0%B9%89%E0%B8%B2%E0%B8%87467%E0%B8%AB%E0%B8%A1%E0%B8%B9%E0%B9%8810,We.our pet shop,,,https://www.google.com/maps/search/?api=1&query=We.our%20pet%20shop%20%E0%B9%80%E0%B8%A5%E0%B8%82%E0%B8%97%E0%B8%B5%E0%B9%88467%E0%B8%AB%E0%B8%A1%E0%B8%B9%E0%B9%88%E0%B8%97%E0%B8%B5%E0%B9%8810%E0%B8%96%E0%B8%99%E0%B8%99%E0%B8%9B%E0%B8%A3%E0%B8%B0%E0%B8%8A%E0%B8%B2%E0%B8%AD%E0%B8%B8%E0%B8%97%E0%B8%B4%E0%B8%A8-%E0%B8%84%E0%B8%B9%E0%B9%88%E0%B8%AA%E0%B8%A3%E0%B9%89%E0%B8%B2%E0%B8%87467%E0%B8%AB%E0%B8%A1%E0%B8%B9%E0%B9%8810,พิกัดต้นทาง + พิกัดปลายทาง
SKN,กัปตัน เพ็ทช็อป,กัปตัน เพ็ทช็อป,,,https://www.google.com/maps/search/?api=1&query=%E0%B8%81%E0%B8%B1%E0%B8%9B%E0%B8%95%E0%B8%B1%E0%B8%99%20%E0%B9%80%E0%B8%9E%E0%B9%87%E0%B8%97%E0%B8%8A%E0%B9%87%E0%B8%AD%E0%B8%9B%20%E0%B9%80%E0%B8%A5%E0%B8%82%E0%B8%97%E0%B8%B5%E0%B9%8865/3%E0%B8%AB%E0%B8%A1%E0%B8%B9%E0%B9%885%E0%B8%96.%E0%B8%A5%E0%B8%B3%E0%B8%A5%E0%B8%B9%E0%B8%81%E0%B8%81%E0%B8%B2,กัปตัน เพ็ทช็อป,,,https://www.google.com/maps/search/?api=1&query=%E0%B8%81%E0%B8%B1%E0%B8%9B%E0%B8%95%E0%B8%B1%E0%B8%99%20%E0%B9%80%E0%B8%9E%E0%B9%87%E0%B8%97%E0%B8%8A%E0%B9%87%E0%B8%AD%E0%B8%9B%20%E0%B9%80%E0%B8%A5%E0%B8%82%E0%B8%97%E0%B8%B5%E0%B9%8865/3%E0%B8%AB%E0%B8%A1%E0%B8%B9%E0%B9%885%E0%B8%96.%E0%B8%A5%E0%B8%B3%E0%B8%A5%E0%B8%B9%E0%B8%81%E0%B8%81%E0%B8%B2,พิกัดต้นทาง + พิกัดปลายทาง
SKN,กานดา ซุปเปอร์มาร์ท,กานดา ซุปเปอร์มาร์ท,,,https://www.google.com/maps/search/?api=1&query=%E0%B8%81%E0%B8%B2%E0%B8%99%E0%B8%94%E0%B8%B2%20%E0%B8%8B%E0%B8%B8%E0%B8%9B%E0%B9%80%E0%B8%9B%E0%B8%AD%E0%B8%A3%E0%B9%8C%E0%B8%A1%E0%B8%B2%E0%B8%A3%E0%B9%8C%E0%B8%97%20%E0%B9%80%E0%B8%A5%E0%B8%82%E0%B8%97%E0%B8%B5%E0%B9%8873/43,กานดา ซุปเปอร์มาร์ท,,,https://www.google.com/maps/search/?api=1&query=%E0%B8%81%E0%B8%B2%E0%B8%99%E0%B8%94%E0%B8%B2%20%E0%B8%8B%E0%B8%B8%E0%B8%9B%E0%B9%80%E0%B8%9B%E0%B8%AD%E0%B8%A3%E0%B9%8C%E0%B8%A1%E0%B8%B2%E0%B8%A3%E0%B9%8C%E0%B8%97%20%E0%B9%80%E0%B8%A5%E0%B8%82%E0%B8%97%E0%B8%B5%E0%B9%8873/43,พิกัดต้นทาง + พิกัดปลายทาง
SKN,โกดังร้านพรวศินเพ็ทช็อป,โกดังร้านพรวศินเพ็ทช็อป,,,https://www.google.com/maps/search/?api=1&query=%E0%B9%82%E0%B8%81%E0%B8%94%E0%B8%B1%E0%B8%87%E0%B8%A3%E0%B9%89%E0%B8%B2%E0%B8%99%E0%B8%9E%E0%B8%A3%E0%B8%A7%E0%B8%A8%E0%B8%B4%E0%B8%99%E0%B9%80%E0%B8%9E%E0%B9%87%E0%B8%97%E0%B8%8A%E0%B9%87%E0%B8%AD%E0%B8%9B%2075%E0%B8%AB%E0%B8%A1%E0%B8%B9%E0%B9%885,โกดังร้านพรวศินเพ็ทช็อป,,,https://www.google.com/maps/search/?api=1&query=%E0%B9%82%E0%B8%81%E0%B8%94%E0%B8%B1%E0%B8%87%E0%B8%A3%E0%B9%89%E0%B8%B2%E0%B8%99%E0%B8%9E%E0%B8%A3%E0%B8%A7%E0%B8%A8%E0%B8%B4%E0%B8%99%E0%B9%80%E0%B8%9E%E0%B9%87%E0%B8%97%E0%B8%8A%E0%B9%87%E0%B8%AD%E0%B8%9B%2075%E0%B8%AB%E0%B8%A1%E0%B8%B9%E0%B9%885,พิกัดต้นทาง + พิกัดปลายทาง
SKN,โกดังใหม่ บริษัท ขายดีเฮงปัง 168 จำกัด,โกดังใหม่ บริษัท ขายดีเฮงปัง 168 จำกัด,,,https://www.google.com/maps/search/?api=1&query=%E0%B9%82%E0%B8%81%E0%B8%94%E0%B8%B1%E0%B8%87%E0%B9%83%E0%B8%AB%E0%B8%A1%E0%B9%88%20%E0%B8%9A%E0%B8%A3%E0%B8%B4%E0%B8%A9%E0%B8%B1%E0%B8%97%20%E0%B8%82%E0%B8%B2%E0%B8%A2%E0%B8%94%E0%B8%B5%E0%B9%80%E0%B8%AE%E0%B8%87%E0%B8%9B%E0%B8%B1%E0%B8%87%20168%20%E0%B8%88%E0%B8%B3%E0%B8%81%E0%B8%B1%E0%B8%94%2027/9%E0%B8%AB%E0%B8%A1%E0%B8%B9%E0%B9%882,โกดังใหม่ บริษัท ขายดีเฮงปัง 168 จำกัด,,,https://www.google.com/maps/search/?api=1&query=%E0%B9%82%E0%B8%81%E0%B8%94%E0%B8%B1%E0%B8%87%E0%B9%83%E0%B8%AB%E0%B8%A1%E0%B9%88%20%E0%B8%9A%E0%B8%A3%E0%B8%B4%E0%B8%A9%E0%B8%B1%E0%B8%97%20%E0%B8%82%E0%B8%B2%E0%B8%A2%E0%B8%94%E0%B8%B5%E0%B9%80%E0%B8%AE%E0%B8%87%E0%B8%9B%E0%B8%B1%E0%B8%87%20168%20%E0%B8%88%E0%B8%B3%E0%B8%81%E0%B8%B1%E0%B8%94%2027/9%E0%B8%AB%E0%B8%A1%E0%B8%B9%E0%B9%882,พิกัดต้นทาง + พิกัดปลายทาง
SKN,ข้าวหอมการเกษตร,ข้าวหอมการเกษตร,,,https://www.google.com/maps/search/?api=1&query=%E0%B8%82%E0%B9%89%E0%B8%B2%E0%B8%A7%E0%B8%AB%E0%B8%AD%E0%B8%A1%E0%B8%81%E0%B8%B2%E0%B8%A3%E0%B9%80%E0%B8%81%E0%B8%A9%E0%B8%95%E0%B8%A3%20%E0%B9%80%E0%B8%A5%E0%B8%82%E0%B8%97%E0%B8%B5%E0%B9%8823/7%E0%B8%AB%E0%B8%A1%E0%B8%B9%E0%B9%88%E0%B8%97%E0%B8%B5%E0%B9%886,ข้าวหอมการเกษตร,,,https://www.google.com/maps/search/?api=1&query=%E0%B8%82%E0%B9%89%E0%B8%B2%E0%B8%A7%E0%B8%AB%E0%B8%AD%E0%B8%A1%E0%B8%81%E0%B8%B2%E0%B8%A3%E0%B9%80%E0%B8%81%E0%B8%A9%E0%B8%95%E0%B8%A3%20%E0%B9%80%E0%B8%A5%E0%B8%82%E0%B8%97%E0%B8%B5%E0%B9%8823/7%E0%B8%AB%E0%B8%A1%E0%B8%B9%E0%B9%88%E0%B8%97%E0%B8%B5%E0%B9%886,พิกัดต้นทาง + พิกัดปลายทาง
SKN,คิงออฟเพ็ท นครอินทร์,คิงออฟเพ็ท นครอินทร์,,,https://www.google.com/maps/search/?api=1&query=%E0%B8%84%E0%B8%B4%E0%B8%87%E0%B8%AD%E0%B8%AD%E0%B8%9F%E0%B9%80%E0%B8%9E%E0%B9%87%E0%B8%97%20%E0%B8%99%E0%B8%84%E0%B8%A3%E0%B8%AD%E0%B8%B4%E0%B8%99%E0%B8%97%E0%B8%A3%E0%B9%8C%2018/168,คิงออฟเพ็ท นครอินทร์,,,https://www.google.com/maps/search/?api=1&query=%E0%B8%84%E0%B8%B4%E0%B8%87%E0%B8%AD%E0%B8%AD%E0%B8%9F%E0%B9%80%E0%B8%9E%E0%B9%87%E0%B8%97%20%E0%B8%99%E0%B8%84%E0%B8%A3%E0%B8%AD%E0%B8%B4%E0%B8%99%E0%B8%97%E0%B8%A3%E0%B9%8C%2018/168,พิกัดต้นทาง + พิกัดปลายทาง
SKN,คุณ ทัศน์พล  บัวจันทร์,คุณ ทัศน์พล  บัวจันทร์,,,https://www.google.com/maps/search/?api=1&query=%E0%B8%84%E0%B8%B8%E0%B8%93%20%E0%B8%97%E0%B8%B1%E0%B8%A8%E0%B8%99%E0%B9%8C%E0%B8%9E%E0%B8%A5%20%E0%B8%9A%E0%B8%B1%E0%B8%A7%E0%B8%88%E0%B8%B1%E0%B8%99%E0%B8%97%E0%B8%A3%E0%B9%8C%2081/6%E0%B8%A1.9%E0%B8%96.%E0%B9%80%E0%B8%97%E0%B8%9E%E0%B8%B2%E0%B8%A3%E0%B8%B1%E0%B8%81%E0%B8%A9%E0%B9%8C,คุณ ทัศน์พล  บัวจันทร์,,,https://www.google.com/maps/search/?api=1&query=%E0%B8%84%E0%B8%B8%E0%B8%93%20%E0%B8%97%E0%B8%B1%E0%B8%A8%E0%B8%99%E0%B9%8C%E0%B8%9E%E0%B8%A5%20%E0%B8%9A%E0%B8%B1%E0%B8%A7%E0%B8%88%E0%B8%B1%E0%B8%99%E0%B8%97%E0%B8%A3%E0%B9%8C%2081/6%E0%B8%A1.9%E0%B8%96.%E0%B9%80%E0%B8%97%E0%B8%9E%E0%B8%B2%E0%B8%A3%E0%B8%B1%E0%B8%81%E0%B8%A9%E0%B9%8C,พิกัดต้นทาง + พิกัดปลายทาง
SKN,คุณ สิทธิพร บัวจันทร์,คุณ สิทธิพร บัวจันทร์,,,https://www.google.com/maps/search/?api=1&query=%E0%B8%84%E0%B8%B8%E0%B8%93%20%E0%B8%AA%E0%B8%B4%E0%B8%97%E0%B8%98%E0%B8%B4%E0%B8%9E%E0%B8%A3%20%E0%B8%9A%E0%B8%B1%E0%B8%A7%E0%B8%88%E0%B8%B1%E0%B8%99%E0%B8%97%E0%B8%A3%E0%B9%8C%2026/64%E0%B8%AB%E0%B8%A1%E0%B8%B9%E0%B9%887%E0%B8%96.%E0%B8%81%E0%B8%B4%E0%B9%88%E0%B8%87%E0%B9%81%E0%B8%81%E0%B9%89%E0%B8%A7,คุณ สิทธิพร บัวจันทร์,,,https://www.google.com/maps/search/?api=1&query=%E0%B8%84%E0%B8%B8%E0%B8%93%20%E0%B8%AA%E0%B8%B4%E0%B8%97%E0%B8%98%E0%B8%B4%E0%B8%9E%E0%B8%A3%20%E0%B8%9A%E0%B8%B1%E0%B8%A7%E0%B8%88%E0%B8%B1%E0%B8%99%E0%B8%97%E0%B8%A3%E0%B9%8C%2026/64%E0%B8%AB%E0%B8%A1%E0%B8%B9%E0%B9%887%E0%B8%96.%E0%B8%81%E0%B8%B4%E0%B9%88%E0%B8%87%E0%B9%81%E0%B8%81%E0%B9%89%E0%B8%A7,พิกัดต้นทาง + พิกัดปลายทาง
SKN,คุณฐิติพงศ์ แท่นทอง,คุณฐิติพงศ์ แท่นทอง,,,https://www.google.com/maps/search/?api=1&query=%E0%B8%84%E0%B8%B8%E0%B8%93%E0%B8%90%E0%B8%B4%E0%B8%95%E0%B8%B4%E0%B8%9E%E0%B8%87%E0%B8%A8%E0%B9%8C%20%E0%B9%81%E0%B8%97%E0%B9%88%E0%B8%99%E0%B8%97%E0%B8%AD%E0%B8%87%20193%E0%B8%A1.1%E0%B8%96.%E0%B8%A3%E0%B8%B1%E0%B8%87%E0%B8%AA%E0%B8%B4%E0%B8%95-%E0%B8%99%E0%B8%84%E0%B8%A3%E0%B8%99%E0%B8%B2%E0%B8%A2%E0%B8%81,คุณฐิติพงศ์ แท่นทอง,,,https://www.google.com/maps/search/?api=1&query=%E0%B8%84%E0%B8%B8%E0%B8%93%E0%B8%90%E0%B8%B4%E0%B8%95%E0%B8%B4%E0%B8%9E%E0%B8%87%E0%B8%A8%E0%B9%8C%20%E0%B9%81%E0%B8%97%E0%B9%88%E0%B8%99%E0%B8%97%E0%B8%AD%E0%B8%87%20193%E0%B8%A1.1%E0%B8%96.%E0%B8%A3%E0%B8%B1%E0%B8%87%E0%B8%AA%E0%B8%B4%E0%B8%95-%E0%B8%99%E0%B8%84%E0%B8%A3%E0%B8%99%E0%B8%B2%E0%B8%A2%E0%B8%81,พิกัดต้นทาง + พิกัดปลายทาง
SKN,คุณฐิติพงศ์ แท่นทอง สาขาที่ 9,คุณฐิติพงศ์ แท่นทอง สาขาที่ 9,,,https://www.google.com/maps/search/?api=1&query=%E0%B8%84%E0%B8%B8%E0%B8%93%E0%B8%90%E0%B8%B4%E0%B8%95%E0%B8%B4%E0%B8%9E%E0%B8%87%E0%B8%A8%E0%B9%8C%20%E0%B9%81%E0%B8%97%E0%B9%88%E0%B8%99%E0%B8%97%E0%B8%AD%E0%B8%87%20%E0%B8%AA%E0%B8%B2%E0%B8%82%E0%B8%B2%E0%B8%97%E0%B8%B5%E0%B9%88%209%2039/7-8%E0%B8%AB%E0%B8%A1%E0%B8%B9%E0%B9%884,คุณฐิติพงศ์ แท่นทอง สาขาที่ 9,,,https://www.google.com/maps/search/?api=1&query=%E0%B8%84%E0%B8%B8%E0%B8%93%E0%B8%90%E0%B8%B4%E0%B8%95%E0%B8%B4%E0%B8%9E%E0%B8%87%E0%B8%A8%E0%B9%8C%20%E0%B9%81%E0%B8%97%E0%B9%88%E0%B8%99%E0%B8%97%E0%B8%AD%E0%B8%87%20%E0%B8%AA%E0%B8%B2%E0%B8%82%E0%B8%B2%E0%B8%97%E0%B8%B5%E0%B9%88%209%2039/7-8%E0%B8%AB%E0%B8%A1%E0%B8%B9%E0%B9%884,พิกัดต้นทาง + พิกัดปลายทาง
SKN,คุณฐิติพงศ์ แท่นทอง สาขาธัญบุรีคลอง 8,คุณฐิติพงศ์ แท่นทอง สาขาธัญบุรีคลอง 8,,,https://www.google.com/maps/search/?api=1&query=%E0%B8%84%E0%B8%B8%E0%B8%93%E0%B8%90%E0%B8%B4%E0%B8%95%E0%B8%B4%E0%B8%9E%E0%B8%87%E0%B8%A8%E0%B9%8C%20%E0%B9%81%E0%B8%97%E0%B9%88%E0%B8%99%E0%B8%97%E0%B8%AD%E0%B8%87%20%E0%B8%AA%E0%B8%B2%E0%B8%82%E0%B8%B2%E0%B8%98%E0%B8%B1%E0%B8%8D%E0%B8%9A%E0%B8%B8%E0%B8%A3%E0%B8%B5%E0%B8%84%E0%B8%A5%E0%B8%AD%E0%B8%87%208%20193%E0%B8%A1.1%E0%B8%96.%E0%B8%A3%E0%B8%B1%E0%B8%87%E0%B8%AA%E0%B8%B4%E0%B8%95-%E0%B8%99%E0%B8%84%E0%B8%A3%E0%B8%99%E0%B8%B2%E0%B8%A2%E0%B8%81,คุณฐิติพงศ์ แท่นทอง สาขาธัญบุรีคลอง 8,,,https://www.google.com/maps/search/?api=1&query=%E0%B8%84%E0%B8%B8%E0%B8%93%E0%B8%90%E0%B8%B4%E0%B8%95%E0%B8%B4%E0%B8%9E%E0%B8%87%E0%B8%A8%E0%B9%8C%20%E0%B9%81%E0%B8%97%E0%B9%88%E0%B8%99%E0%B8%97%E0%B8%AD%E0%B8%87%20%E0%B8%AA%E0%B8%B2%E0%B8%82%E0%B8%B2%E0%B8%98%E0%B8%B1%E0%B8%8D%E0%B8%9A%E0%B8%B8%E0%B8%A3%E0%B8%B5%E0%B8%84%E0%B8%A5%E0%B8%AD%E0%B8%87%208%20193%E0%B8%A1.1%E0%B8%96.%E0%B8%A3%E0%B8%B1%E0%B8%87%E0%B8%AA%E0%B8%B4%E0%B8%95-%E0%B8%99%E0%B8%84%E0%B8%A3%E0%B8%99%E0%B8%B2%E0%B8%A2%E0%B8%81,พิกัดต้นทาง + พิกัดปลายทาง
SKN,คุณดุสิต มณียัง สาขารังสิต 39,คุณดุสิต มณียัง สาขารังสิต 39,,,https://www.google.com/maps/search/?api=1&query=%E0%B8%84%E0%B8%B8%E0%B8%93%E0%B8%94%E0%B8%B8%E0%B8%AA%E0%B8%B4%E0%B8%95%20%E0%B8%A1%E0%B8%93%E0%B8%B5%E0%B8%A2%E0%B8%B1%E0%B8%87%20%E0%B8%AA%E0%B8%B2%E0%B8%82%E0%B8%B2%E0%B8%A3%E0%B8%B1%E0%B8%87%E0%B8%AA%E0%B8%B4%E0%B8%95%2039%2039%E0%B8%8B%E0%B8%AD%E0%B8%A2%E0%B8%A3%E0%B8%B1%E0%B8%87%E0%B8%AA%E0%B8%B4%E0%B8%95-%E0%B8%99%E0%B8%84%E0%B8%A3%E0%B8%99%E0%B8%B2%E0%B8%A2%E0%B8%8114,คุณดุสิต มณียัง สาขารังสิต 39,,,https://www.google.com/maps/search/?api=1&query=%E0%B8%84%E0%B8%B8%E0%B8%93%E0%B8%94%E0%B8%B8%E0%B8%AA%E0%B8%B4%E0%B8%95%20%E0%B8%A1%E0%B8%93%E0%B8%B5%E0%B8%A2%E0%B8%B1%E0%B8%87%20%E0%B8%AA%E0%B8%B2%E0%B8%82%E0%B8%B2%E0%B8%A3%E0%B8%B1%E0%B8%87%E0%B8%AA%E0%B8%B4%E0%B8%95%2039%2039%E0%B8%8B%E0%B8%AD%E0%B8%A2%E0%B8%A3%E0%B8%B1%E0%B8%87%E0%B8%AA%E0%B8%B4%E0%B8%95-%E0%B8%99%E0%B8%84%E0%B8%A3%E0%B8%99%E0%B8%B2%E0%B8%A2%E0%B8%8114,พิกัดต้นทาง + พิกัดปลายทาง
SKN,คุณดุสิต มณียัง สาขาราชมงคลคลอง6,คุณดุสิต มณียัง สาขาราชมงคลคลอง6,,,https://www.google.com/maps/search/?api=1&query=%E0%B8%84%E0%B8%B8%E0%B8%93%E0%B8%94%E0%B8%B8%E0%B8%AA%E0%B8%B4%E0%B8%95%20%E0%B8%A1%E0%B8%93%E0%B8%B5%E0%B8%A2%E0%B8%B1%E0%B8%87%20%E0%B8%AA%E0%B8%B2%E0%B8%82%E0%B8%B2%E0%B8%A3%E0%B8%B2%E0%B8%8A%E0%B8%A1%E0%B8%87%E0%B8%84%E0%B8%A5%E0%B8%84%E0%B8%A5%E0%B8%AD%E0%B8%876%206/3%E0%B8%AB%E0%B8%A1%E0%B8%B9%E0%B9%882,คุณดุสิต มณียัง สาขาราชมงคลคลอง6,,,https://www.google.com/maps/search/?api=1&query=%E0%B8%84%E0%B8%B8%E0%B8%93%E0%B8%94%E0%B8%B8%E0%B8%AA%E0%B8%B4%E0%B8%95%20%E0%B8%A1%E0%B8%93%E0%B8%B5%E0%B8%A2%E0%B8%B1%E0%B8%87%20%E0%B8%AA%E0%B8%B2%E0%B8%82%E0%B8%B2%E0%B8%A3%E0%B8%B2%E0%B8%8A%E0%B8%A1%E0%B8%87%E0%B8%84%E0%B8%A5%E0%B8%84%E0%B8%A5%E0%B8%AD%E0%B8%876%206/3%E0%B8%AB%E0%B8%A1%E0%B8%B9%E0%B9%882,พิกัดต้นทาง + พิกัดปลายทาง
SKN,คุณธัณทิชา แก้วใส (ส่งสวนหลวง),คุณธัณทิชา แก้วใส (ส่งสวนหลวง),,,https://www.google.com/maps/search/?api=1&query=%E0%B8%84%E0%B8%B8%E0%B8%93%E0%B8%98%E0%B8%B1%E0%B8%93%E0%B8%97%E0%B8%B4%E0%B8%8A%E0%B8%B2%20%E0%B9%81%E0%B8%81%E0%B9%89%E0%B8%A7%E0%B9%83%E0%B8%AA%20%28%E0%B8%AA%E0%B9%88%E0%B8%87%E0%B8%AA%E0%B8%A7%E0%B8%99%E0%B8%AB%E0%B8%A5%E0%B8%A7%E0%B8%87%29%20%E0%B8%9A%E0%B9%89%E0%B8%B2%E0%B8%99%E0%B8%8A%E0%B8%B4%E0%B8%A5%E0%B8%B4%E0%B8%99%20102/164%20%E0%B8%96%E0%B8%99%E0%B8%99%20%E0%B9%80%E0%B8%89%E0%B8%A5%E0%B8%B4%E0%B8%A1%E0%B8%9E%E0%B8%A3%E0%B8%B0%E0%B9%80%E0%B8%81%E0%B8%B5%E0%B8%A2%E0%B8%A3%E0%B8%95%E0%B8%B4%20%E0%B8%A3.9,คุณธัณทิชา แก้วใส (ส่งสวนหลวง),,,https://www.google.com/maps/search/?api=1&query=%E0%B8%84%E0%B8%B8%E0%B8%93%E0%B8%98%E0%B8%B1%E0%B8%93%E0%B8%97%E0%B8%B4%E0%B8%8A%E0%B8%B2%20%E0%B9%81%E0%B8%81%E0%B9%89%E0%B8%A7%E0%B9%83%E0%B8%AA%20%28%E0%B8%AA%E0%B9%88%E0%B8%87%E0%B8%AA%E0%B8%A7%E0%B8%99%E0%B8%AB%E0%B8%A5%E0%B8%A7%E0%B8%87%29%20%E0%B8%9A%E0%B9%89%E0%B8%B2%E0%B8%99%E0%B8%8A%E0%B8%B4%E0%B8%A5%E0%B8%B4%E0%B8%99%20102/164%20%E0%B8%96%E0%B8%99%E0%B8%99%20%E0%B9%80%E0%B8%89%E0%B8%A5%E0%B8%B4%E0%B8%A1%E0%B8%9E%E0%B8%A3%E0%B8%B0%E0%B9%80%E0%B8%81%E0%B8%B5%E0%B8%A2%E0%B8%A3%E0%B8%95%E0%B8%B4%20%E0%B8%A3.9,พิกัดต้นทาง + พิกัดปลายทาง
SKN,คุณธัณทิชา แก้วใส ปทุมธานี,คุณธัณทิชา แก้วใส ปทุมธานี,,,https://www.google.com/maps/search/?api=1&query=%E0%B8%84%E0%B8%B8%E0%B8%93%E0%B8%98%E0%B8%B1%E0%B8%93%E0%B8%97%E0%B8%B4%E0%B8%8A%E0%B8%B2%20%E0%B9%81%E0%B8%81%E0%B9%89%E0%B8%A7%E0%B9%83%E0%B8%AA%20%E0%B8%9B%E0%B8%97%E0%B8%B8%E0%B8%A1%E0%B8%98%E0%B8%B2%E0%B8%99%E0%B8%B5%20XHQG%2BJF8,คุณธัณทิชา แก้วใส ปทุมธานี,,,https://www.google.com/maps/search/?api=1&query=%E0%B8%84%E0%B8%B8%E0%B8%93%E0%B8%98%E0%B8%B1%E0%B8%93%E0%B8%97%E0%B8%B4%E0%B8%8A%E0%B8%B2%20%E0%B9%81%E0%B8%81%E0%B9%89%E0%B8%A7%E0%B9%83%E0%B8%AA%20%E0%B8%9B%E0%B8%97%E0%B8%B8%E0%B8%A1%E0%B8%98%E0%B8%B2%E0%B8%99%E0%B8%B5%20XHQG%2BJF8,พิกัดต้นทาง + พิกัดปลายทาง
SKN,คุณพรนลัท เชื้อสุข,คุณพรนลัท เชื้อสุข,,,https://www.google.com/maps/search/?api=1&query=%E0%B8%84%E0%B8%B8%E0%B8%93%E0%B8%9E%E0%B8%A3%E0%B8%99%E0%B8%A5%E0%B8%B1%E0%B8%97%20%E0%B9%80%E0%B8%8A%E0%B8%B7%E0%B9%89%E0%B8%AD%E0%B8%AA%E0%B8%B8%E0%B8%82%2099/120%E0%B8%A1.2,คุณพรนลัท เชื้อสุข,,,https://www.google.com/maps/search/?api=1&query=%E0%B8%84%E0%B8%B8%E0%B8%93%E0%B8%9E%E0%B8%A3%E0%B8%99%E0%B8%A5%E0%B8%B1%E0%B8%97%20%E0%B9%80%E0%B8%8A%E0%B8%B7%E0%B9%89%E0%B8%AD%E0%B8%AA%E0%B8%B8%E0%B8%82%2099/120%E0%B8%A1.2,พิกัดต้นทาง + พิกัดปลายทาง
SKN,คุณสิทธิพร บัวจันทร์,คุณสิทธิพร บัวจันทร์,,,https://www.google.com/maps/search/?api=1&query=%E0%B8%84%E0%B8%B8%E0%B8%93%E0%B8%AA%E0%B8%B4%E0%B8%97%E0%B8%98%E0%B8%B4%E0%B8%9E%E0%B8%A3%20%E0%B8%9A%E0%B8%B1%E0%B8%A7%E0%B8%88%E0%B8%B1%E0%B8%99%E0%B8%97%E0%B8%A3%E0%B9%8C%20%E0%B9%80%E0%B8%A5%E0%B8%82%E0%B8%97%E0%B8%B5%E0%B9%88103/126%E0%B8%AB%E0%B8%A1%E0%B8%B9%E0%B9%88%E0%B8%97%E0%B8%B5%E0%B9%887,คุณสิทธิพร บัวจันทร์,,,https://www.google.com/maps/search/?api=1&query=%E0%B8%84%E0%B8%B8%E0%B8%93%E0%B8%AA%E0%B8%B4%E0%B8%97%E0%B8%98%E0%B8%B4%E0%B8%9E%E0%B8%A3%20%E0%B8%9A%E0%B8%B1%E0%B8%A7%E0%B8%88%E0%B8%B1%E0%B8%99%E0%B8%97%E0%B8%A3%E0%B9%8C%20%E0%B9%80%E0%B8%A5%E0%B8%82%E0%B8%97%E0%B8%B5%E0%B9%88103/126%E0%B8%AB%E0%B8%A1%E0%B8%B9%E0%B9%88%E0%B8%97%E0%B8%B5%E0%B9%887,พิกัดต้นทาง + พิกัดปลายทาง
SKN,คุณสุธี วัชรกนกรัชต์,คุณสุธี วัชรกนกรัชต์,,,https://www.google.com/maps/search/?api=1&query=%E0%B8%84%E0%B8%B8%E0%B8%93%E0%B8%AA%E0%B8%B8%E0%B8%98%E0%B8%B5%20%E0%B8%A7%E0%B8%B1%E0%B8%8A%E0%B8%A3%E0%B8%81%E0%B8%99%E0%B8%81%E0%B8%A3%E0%B8%B1%E0%B8%8A%E0%B8%95%E0%B9%8C%2058/122%E0%B8%AB%E0%B8%A1%E0%B8%B9%E0%B9%887,คุณสุธี วัชรกนกรัชต์,,,https://www.google.com/maps/search/?api=1&query=%E0%B8%84%E0%B8%B8%E0%B8%93%E0%B8%AA%E0%B8%B8%E0%B8%98%E0%B8%B5%20%E0%B8%A7%E0%B8%B1%E0%B8%8A%E0%B8%A3%E0%B8%81%E0%B8%99%E0%B8%81%E0%B8%A3%E0%B8%B1%E0%B8%8A%E0%B8%95%E0%B9%8C%2058/122%E0%B8%AB%E0%B8%A1%E0%B8%B9%E0%B9%887,พิกัดต้นทาง + พิกัดปลายทาง
SKN,เงินทอง ราชพฤกษ์,เงินทอง ราชพฤกษ์,,,https://www.google.com/maps/search/?api=1&query=%E0%B9%80%E0%B8%87%E0%B8%B4%E0%B8%99%E0%B8%97%E0%B8%AD%E0%B8%87%20%E0%B8%A3%E0%B8%B2%E0%B8%8A%E0%B8%9E%E0%B8%A4%E0%B8%81%E0%B8%A9%E0%B9%8C%20-,เงินทอง ราชพฤกษ์,,,https://www.google.com/maps/search/?api=1&query=%E0%B9%80%E0%B8%87%E0%B8%B4%E0%B8%99%E0%B8%97%E0%B8%AD%E0%B8%87%20%E0%B8%A3%E0%B8%B2%E0%B8%8A%E0%B8%9E%E0%B8%A4%E0%B8%81%E0%B8%A9%E0%B9%8C%20-,พิกัดต้นทาง + พิกัดปลายทาง
SKN,เจเจ สโตร์,เจเจ สโตร์,,,https://www.google.com/maps/search/?api=1&query=%E0%B9%80%E0%B8%88%E0%B9%80%E0%B8%88%20%E0%B8%AA%E0%B9%82%E0%B8%95%E0%B8%A3%E0%B9%8C%20%E0%B9%80%E0%B8%A5%E0%B8%82%E0%B8%97%E0%B8%B5%E0%B9%8899/1%E0%B8%AB%E0%B8%A1%E0%B8%B9%E0%B9%88%E0%B8%97%E0%B8%B5%E0%B9%881,เจเจ สโตร์,,,https://www.google.com/maps/search/?api=1&query=%E0%B9%80%E0%B8%88%E0%B9%80%E0%B8%88%20%E0%B8%AA%E0%B9%82%E0%B8%95%E0%B8%A3%E0%B9%8C%20%E0%B9%80%E0%B8%A5%E0%B8%82%E0%B8%97%E0%B8%B5%E0%B9%8899/1%E0%B8%AB%E0%B8%A1%E0%B8%B9%E0%B9%88%E0%B8%97%E0%B8%B5%E0%B9%881,พิกัดต้นทาง + พิกัดปลายทาง
SKN,ช็อคกาดูฟ เพ็ทช็อป,ช็อคกาดูฟ เพ็ทช็อป,,,https://www.google.com/maps/search/?api=1&query=%E0%B8%8A%E0%B9%87%E0%B8%AD%E0%B8%84%E0%B8%81%E0%B8%B2%E0%B8%94%E0%B8%B9%E0%B8%9F%20%E0%B9%80%E0%B8%9E%E0%B9%87%E0%B8%97%E0%B8%8A%E0%B9%87%E0%B8%AD%E0%B8%9B%20418/2%E0%B8%8B%E0%B8%AD%E0%B8%A2%E0%B8%95%E0%B8%A5%E0%B8%B2%E0%B8%94%E0%B8%87%E0%B8%B2%E0%B8%A1%E0%B8%A7%E0%B8%87%E0%B8%A8%E0%B9%8C%E0%B8%A7%E0%B8%B2%E0%B8%99%E0%B8%96.%E0%B8%AA%E0%B8%B2%E0%B8%A1%E0%B8%B1%E0%B8%84%E0%B8%84%E0%B8%B5,ช็อคกาดูฟ เพ็ทช็อป,,,https://www.google.com/maps/search/?api=1&query=%E0%B8%8A%E0%B9%87%E0%B8%AD%E0%B8%84%E0%B8%81%E0%B8%B2%E0%B8%94%E0%B8%B9%E0%B8%9F%20%E0%B9%80%E0%B8%9E%E0%B9%87%E0%B8%97%E0%B8%8A%E0%B9%87%E0%B8%AD%E0%B8%9B%20418/2%E0%B8%8B%E0%B8%AD%E0%B8%A2%E0%B8%95%E0%B8%A5%E0%B8%B2%E0%B8%94%E0%B8%87%E0%B8%B2%E0%B8%A1%E0%B8%A7%E0%B8%87%E0%B8%A8%E0%B9%8C%E0%B8%A7%E0%B8%B2%E0%B8%99%E0%B8%96.%E0%B8%AA%E0%B8%B2%E0%B8%A1%E0%B8%B1%E0%B8%84%E0%B8%84%E0%B8%B5,พิกัดต้นทาง + พิกัดปลายทาง
SKN,ช็อคกาดูฟ เพ็ทช็อป สาขาตลาดกิเลน,ช็อคกาดูฟ เพ็ทช็อป สาขาตลาดกิเลน,,,https://www.google.com/maps/search/?api=1&query=%E0%B8%8A%E0%B9%87%E0%B8%AD%E0%B8%84%E0%B8%81%E0%B8%B2%E0%B8%94%E0%B8%B9%E0%B8%9F%20%E0%B9%80%E0%B8%9E%E0%B9%87%E0%B8%97%E0%B8%8A%E0%B9%87%E0%B8%AD%E0%B8%9B%20%E0%B8%AA%E0%B8%B2%E0%B8%82%E0%B8%B2%E0%B8%95%E0%B8%A5%E0%B8%B2%E0%B8%94%E0%B8%81%E0%B8%B4%E0%B9%80%E0%B8%A5%E0%B8%99%20%E0%B9%80%E0%B8%A5%E0%B8%82%E0%B8%97%E0%B8%B5%E0%B9%88166,ช็อคกาดูฟ เพ็ทช็อป สาขาตลาดกิเลน,,,https://www.google.com/maps/search/?api=1&query=%E0%B8%8A%E0%B9%87%E0%B8%AD%E0%B8%84%E0%B8%81%E0%B8%B2%E0%B8%94%E0%B8%B9%E0%B8%9F%20%E0%B9%80%E0%B8%9E%E0%B9%87%E0%B8%97%E0%B8%8A%E0%B9%87%E0%B8%AD%E0%B8%9B%20%E0%B8%AA%E0%B8%B2%E0%B8%82%E0%B8%B2%E0%B8%95%E0%B8%A5%E0%B8%B2%E0%B8%94%E0%B8%81%E0%B8%B4%E0%B9%80%E0%B8%A5%E0%B8%99%20%E0%B9%80%E0%B8%A5%E0%B8%82%E0%B8%97%E0%B8%B5%E0%B9%88166,พิกัดต้นทาง + พิกัดปลายทาง
SKN,ซุปเปอร์ชีป เพ็ทช็อป,ซุปเปอร์ชีป เพ็ทช็อป,,,https://www.google.com/maps/search/?api=1&query=%E0%B8%8B%E0%B8%B8%E0%B8%9B%E0%B9%80%E0%B8%9B%E0%B8%AD%E0%B8%A3%E0%B9%8C%E0%B8%8A%E0%B8%B5%E0%B8%9B%20%E0%B9%80%E0%B8%9E%E0%B9%87%E0%B8%97%E0%B8%8A%E0%B9%87%E0%B8%AD%E0%B8%9B%2072/3%E0%B8%A1.11,ซุปเปอร์ชีป เพ็ทช็อป,,,https://www.google.com/maps/search/?api=1&query=%E0%B8%8B%E0%B8%B8%E0%B8%9B%E0%B9%80%E0%B8%9B%E0%B8%AD%E0%B8%A3%E0%B9%8C%E0%B8%8A%E0%B8%B5%E0%B8%9B%20%E0%B9%80%E0%B8%9E%E0%B9%87%E0%B8%97%E0%B8%8A%E0%B9%87%E0%B8%AD%E0%B8%9B%2072/3%E0%B8%A1.11,พิกัดต้นทาง + พิกัดปลายทาง
SKN,ฐานเพชรอาหารสัตว์,ฐานเพชรอาหารสัตว์,,,https://www.google.com/maps/search/?api=1&query=%E0%B8%90%E0%B8%B2%E0%B8%99%E0%B9%80%E0%B8%9E%E0%B8%8A%E0%B8%A3%E0%B8%AD%E0%B8%B2%E0%B8%AB%E0%B8%B2%E0%B8%A3%E0%B8%AA%E0%B8%B1%E0%B8%95%E0%B8%A7%E0%B9%8C%2099/8%E0%B8%AB%E0%B8%A1%E0%B8%B9%E0%B9%88%E0%B8%97%E0%B8%B5%E0%B9%885%E0%B8%8B%E0%B8%AD%E0%B8%A2%E0%B9%81%E0%B8%88%E0%B9%89%E0%B8%87%E0%B8%A7%E0%B8%B1%E0%B8%92%E0%B8%99%E0%B8%B01,ฐานเพชรอาหารสัตว์,,,https://www.google.com/maps/search/?api=1&query=%E0%B8%90%E0%B8%B2%E0%B8%99%E0%B9%80%E0%B8%9E%E0%B8%8A%E0%B8%A3%E0%B8%AD%E0%B8%B2%E0%B8%AB%E0%B8%B2%E0%B8%A3%E0%B8%AA%E0%B8%B1%E0%B8%95%E0%B8%A7%E0%B9%8C%2099/8%E0%B8%AB%E0%B8%A1%E0%B8%B9%E0%B9%88%E0%B8%97%E0%B8%B5%E0%B9%885%E0%B8%8B%E0%B8%AD%E0%B8%A2%E0%B9%81%E0%B8%88%E0%B9%89%E0%B8%87%E0%B8%A7%E0%B8%B1%E0%B8%92%E0%B8%99%E0%B8%B01,พิกัดต้นทาง + พิกัดปลายทาง
SKN,ฐิติพงษ์ แท่นทอง สาขาแมนฮัตตัน-คลองหลวง,ฐิติพงษ์ แท่นทอง สาขาแมนฮัตตัน-คลองหลวง,,,https://www.google.com/maps/search/?api=1&query=%E0%B8%90%E0%B8%B4%E0%B8%95%E0%B8%B4%E0%B8%9E%E0%B8%87%E0%B8%A9%E0%B9%8C%20%E0%B9%81%E0%B8%97%E0%B9%88%E0%B8%99%E0%B8%97%E0%B8%AD%E0%B8%87%20%E0%B8%AA%E0%B8%B2%E0%B8%82%E0%B8%B2%E0%B9%81%E0%B8%A1%E0%B8%99%E0%B8%AE%E0%B8%B1%E0%B8%95%E0%B8%95%E0%B8%B1%E0%B8%99-%E0%B8%84%E0%B8%A5%E0%B8%AD%E0%B8%87%E0%B8%AB%E0%B8%A5%E0%B8%A7%E0%B8%87%20%E0%B9%80%E0%B8%A5%E0%B8%82%E0%B8%97%E0%B8%B5%E0%B9%8858/238-239%E0%B8%AB%E0%B8%A1%E0%B8%B9%E0%B9%88%E0%B8%9A%E0%B9%89%E0%B8%B2%E0%B8%99%E0%B8%A3%E0%B8%B2%E0%B8%8A%E0%B8%9E%E0%B8%A4%E0%B8%A9%E0%B8%B23%E0%B8%AB%E0%B8%A1%E0%B8%B9%E0%B9%8814,ฐิติพงษ์ แท่นทอง สาขาแมนฮัตตัน-คลองหลวง,,,https://www.google.com/maps/search/?api=1&query=%E0%B8%90%E0%B8%B4%E0%B8%95%E0%B8%B4%E0%B8%9E%E0%B8%87%E0%B8%A9%E0%B9%8C%20%E0%B9%81%E0%B8%97%E0%B9%88%E0%B8%99%E0%B8%97%E0%B8%AD%E0%B8%87%20%E0%B8%AA%E0%B8%B2%E0%B8%82%E0%B8%B2%E0%B9%81%E0%B8%A1%E0%B8%99%E0%B8%AE%E0%B8%B1%E0%B8%95%E0%B8%95%E0%B8%B1%E0%B8%99-%E0%B8%84%E0%B8%A5%E0%B8%AD%E0%B8%87%E0%B8%AB%E0%B8%A5%E0%B8%A7%E0%B8%87%20%E0%B9%80%E0%B8%A5%E0%B8%82%E0%B8%97%E0%B8%B5%E0%B9%8858/238-239%E0%B8%AB%E0%B8%A1%E0%B8%B9%E0%B9%88%E0%B8%9A%E0%B9%89%E0%B8%B2%E0%B8%99%E0%B8%A3%E0%B8%B2%E0%B8%8A%E0%B8%9E%E0%B8%A4%E0%B8%A9%E0%B8%B23%E0%B8%AB%E0%B8%A1%E0%B8%B9%E0%B9%8814,พิกัดต้นทาง + พิกัดปลายทาง
SKN,ด็อก ด็อก กรูมมิ่ง แอนด์ เพ็ทช็อป,ด็อก ด็อก กรูมมิ่ง แอนด์ เพ็ทช็อป,,,https://www.google.com/maps/search/?api=1&query=%E0%B8%94%E0%B9%87%E0%B8%AD%E0%B8%81%20%E0%B8%94%E0%B9%87%E0%B8%AD%E0%B8%81%20%E0%B8%81%E0%B8%A3%E0%B8%B9%E0%B8%A1%E0%B8%A1%E0%B8%B4%E0%B9%88%E0%B8%87%20%E0%B9%81%E0%B8%AD%E0%B8%99%E0%B8%94%E0%B9%8C%20%E0%B9%80%E0%B8%9E%E0%B9%87%E0%B8%97%E0%B8%8A%E0%B9%87%E0%B8%AD%E0%B8%9B%20361/6,ด็อก ด็อก กรูมมิ่ง แอนด์ เพ็ทช็อป,,,https://www.google.com/maps/search/?api=1&query=%E0%B8%94%E0%B9%87%E0%B8%AD%E0%B8%81%20%E0%B8%94%E0%B9%87%E0%B8%AD%E0%B8%81%20%E0%B8%81%E0%B8%A3%E0%B8%B9%E0%B8%A1%E0%B8%A1%E0%B8%B4%E0%B9%88%E0%B8%87%20%E0%B9%81%E0%B8%AD%E0%B8%99%E0%B8%94%E0%B9%8C%20%E0%B9%80%E0%B8%9E%E0%B9%87%E0%B8%97%E0%B8%8A%E0%B9%87%E0%B8%AD%E0%B8%9B%20361/6,พิกัดต้นทาง + พิกัดปลายทาง
SKN,ดีเด่น เพ็ทมาร์ท สาขาศาลายา(ปั๊มบางจาก),ดีเด่น เพ็ทมาร์ท สาขาศาลายา(ปั๊มบางจาก),,,https://www.google.com/maps/search/?api=1&query=%E0%B8%94%E0%B8%B5%E0%B9%80%E0%B8%94%E0%B9%88%E0%B8%99%20%E0%B9%80%E0%B8%9E%E0%B9%87%E0%B8%97%E0%B8%A1%E0%B8%B2%E0%B8%A3%E0%B9%8C%E0%B8%97%20%E0%B8%AA%E0%B8%B2%E0%B8%82%E0%B8%B2%E0%B8%A8%E0%B8%B2%E0%B8%A5%E0%B8%B2%E0%B8%A2%E0%B8%B2%28%E0%B8%9B%E0%B8%B1%E0%B9%8A%E0%B8%A1%E0%B8%9A%E0%B8%B2%E0%B8%87%E0%B8%88%E0%B8%B2%E0%B8%81%29%2019/59%E0%B8%AB%E0%B8%A1%E0%B8%B9%E0%B9%88%E0%B8%97%E0%B8%B5%E0%B9%885,ดีเด่น เพ็ทมาร์ท สาขาศาลายา(ปั๊มบางจาก),,,https://www.google.com/maps/search/?api=1&query=%E0%B8%94%E0%B8%B5%E0%B9%80%E0%B8%94%E0%B9%88%E0%B8%99%20%E0%B9%80%E0%B8%9E%E0%B9%87%E0%B8%97%E0%B8%A1%E0%B8%B2%E0%B8%A3%E0%B9%8C%E0%B8%97%20%E0%B8%AA%E0%B8%B2%E0%B8%82%E0%B8%B2%E0%B8%A8%E0%B8%B2%E0%B8%A5%E0%B8%B2%E0%B8%A2%E0%B8%B2%28%E0%B8%9B%E0%B8%B1%E0%B9%8A%E0%B8%A1%E0%B8%9A%E0%B8%B2%E0%B8%87%E0%B8%88%E0%B8%B2%E0%B8%81%29%2019/59%E0%B8%AB%E0%B8%A1%E0%B8%B9%E0%B9%88%E0%B8%97%E0%B8%B5%E0%B9%885,พิกัดต้นทาง + พิกัดปลายทาง
SKN,ดีเอ็น เพ็ทช็อป,ดีเอ็น เพ็ทช็อป,,,https://www.google.com/maps/search/?api=1&query=%E0%B8%94%E0%B8%B5%E0%B9%80%E0%B8%AD%E0%B9%87%E0%B8%99%20%E0%B9%80%E0%B8%9E%E0%B9%87%E0%B8%97%E0%B8%8A%E0%B9%87%E0%B8%AD%E0%B8%9B%20%E0%B9%80%E0%B8%A5%E0%B8%82%E0%B8%97%E0%B8%B5%E0%B9%88201,ดีเอ็น เพ็ทช็อป,,,https://www.google.com/maps/search/?api=1&query=%E0%B8%94%E0%B8%B5%E0%B9%80%E0%B8%AD%E0%B9%87%E0%B8%99%20%E0%B9%80%E0%B8%9E%E0%B9%87%E0%B8%97%E0%B8%8A%E0%B9%87%E0%B8%AD%E0%B8%9B%20%E0%B9%80%E0%B8%A5%E0%B8%82%E0%B8%97%E0%B8%B5%E0%B9%88201,พิกัดต้นทาง + พิกัดปลายทาง
SKN,ดุสิต มณียัง,ดุสิต มณียัง,,,https://www.google.com/maps/search/?api=1&query=%E0%B8%94%E0%B8%B8%E0%B8%AA%E0%B8%B4%E0%B8%95%20%E0%B8%A1%E0%B8%93%E0%B8%B5%E0%B8%A2%E0%B8%B1%E0%B8%87%20%E0%B9%80%E0%B8%A5%E0%B8%82%E0%B8%97%E0%B8%B5%E0%B9%8839%E0%B8%8B%E0%B8%AD%E0%B8%A2%E0%B8%A3%E0%B8%B1%E0%B8%87%E0%B8%AA%E0%B8%B4%E0%B8%95%E0%B8%99%E0%B8%84%E0%B8%A3-%E0%B8%99%E0%B8%84%E0%B8%A3%E0%B8%99%E0%B8%B2%E0%B8%A2%E0%B8%81,ดุสิต มณียัง,,,https://www.google.com/maps/search/?api=1&query=%E0%B8%94%E0%B8%B8%E0%B8%AA%E0%B8%B4%E0%B8%95%20%E0%B8%A1%E0%B8%93%E0%B8%B5%E0%B8%A2%E0%B8%B1%E0%B8%87%20%E0%B9%80%E0%B8%A5%E0%B8%82%E0%B8%97%E0%B8%B5%E0%B9%8839%E0%B8%8B%E0%B8%AD%E0%B8%A2%E0%B8%A3%E0%B8%B1%E0%B8%87%E0%B8%AA%E0%B8%B4%E0%B8%95%E0%B8%99%E0%B8%84%E0%B8%A3-%E0%B8%99%E0%B8%84%E0%B8%A3%E0%B8%99%E0%B8%B2%E0%B8%A2%E0%B8%81,พิกัดต้นทาง + พิกัดปลายทาง
SKN,ดุสิต มณียัง สาขาโกดังชุมพลคลอง7,ดุสิต มณียัง สาขาโกดังชุมพลคลอง7,,,https://www.google.com/maps/search/?api=1&query=%E0%B8%94%E0%B8%B8%E0%B8%AA%E0%B8%B4%E0%B8%95%20%E0%B8%A1%E0%B8%93%E0%B8%B5%E0%B8%A2%E0%B8%B1%E0%B8%87%20%E0%B8%AA%E0%B8%B2%E0%B8%82%E0%B8%B2%E0%B9%82%E0%B8%81%E0%B8%94%E0%B8%B1%E0%B8%87%E0%B8%8A%E0%B8%B8%E0%B8%A1%E0%B8%9E%E0%B8%A5%E0%B8%84%E0%B8%A5%E0%B8%AD%E0%B8%877%20%E0%B9%80%E0%B8%A5%E0%B8%82%E0%B8%AB%E0%B9%89%E0%B8%AD%E0%B8%87%E0%B9%82%E0%B8%81%E0%B8%94%E0%B8%B1%E0%B8%87%28Q12/1%29%E0%B9%80%E0%B8%A5%E0%B8%82%E0%B8%97%E0%B8%B5%E0%B9%8843/5%E0%B8%A1.3,ดุสิต มณียัง สาขาโกดังชุมพลคลอง7,,,https://www.google.com/maps/search/?api=1&query=%E0%B8%94%E0%B8%B8%E0%B8%AA%E0%B8%B4%E0%B8%95%20%E0%B8%A1%E0%B8%93%E0%B8%B5%E0%B8%A2%E0%B8%B1%E0%B8%87%20%E0%B8%AA%E0%B8%B2%E0%B8%82%E0%B8%B2%E0%B9%82%E0%B8%81%E0%B8%94%E0%B8%B1%E0%B8%87%E0%B8%8A%E0%B8%B8%E0%B8%A1%E0%B8%9E%E0%B8%A5%E0%B8%84%E0%B8%A5%E0%B8%AD%E0%B8%877%20%E0%B9%80%E0%B8%A5%E0%B8%82%E0%B8%AB%E0%B9%89%E0%B8%AD%E0%B8%87%E0%B9%82%E0%B8%81%E0%B8%94%E0%B8%B1%E0%B8%87%28Q12/1%29%E0%B9%80%E0%B8%A5%E0%B8%82%E0%B8%97%E0%B8%B5%E0%B9%8843/5%E0%B8%A1.3,พิกัดต้นทาง + พิกัดปลายทาง
SKN,ดุสิต มณียัง สาขาคลอง7,ดุสิต มณียัง สาขาคลอง7,,,https://www.google.com/maps/search/?api=1&query=%E0%B8%94%E0%B8%B8%E0%B8%AA%E0%B8%B4%E0%B8%95%20%E0%B8%A1%E0%B8%93%E0%B8%B5%E0%B8%A2%E0%B8%B1%E0%B8%87%20%E0%B8%AA%E0%B8%B2%E0%B8%82%E0%B8%B2%E0%B8%84%E0%B8%A5%E0%B8%AD%E0%B8%877%2039/7-8%E0%B8%AB%E0%B8%A1%E0%B8%B9%E0%B9%884,ดุสิต มณียัง สาขาคลอง7,,,https://www.google.com/maps/search/?api=1&query=%E0%B8%94%E0%B8%B8%E0%B8%AA%E0%B8%B4%E0%B8%95%20%E0%B8%A1%E0%B8%93%E0%B8%B5%E0%B8%A2%E0%B8%B1%E0%B8%87%20%E0%B8%AA%E0%B8%B2%E0%B8%82%E0%B8%B2%E0%B8%84%E0%B8%A5%E0%B8%AD%E0%B8%877%2039/7-8%E0%B8%AB%E0%B8%A1%E0%B8%B9%E0%B9%884,พิกัดต้นทาง + พิกัดปลายทาง
SKN,ดูดี เพ็ทช็อป,ดูดี เพ็ทช็อป,,,https://www.google.com/maps/search/?api=1&query=%E0%B8%94%E0%B8%B9%E0%B8%94%E0%B8%B5%20%E0%B9%80%E0%B8%9E%E0%B9%87%E0%B8%97%E0%B8%8A%E0%B9%87%E0%B8%AD%E0%B8%9B%20%E0%B9%80%E0%B8%A5%E0%B8%82%E0%B8%97%E0%B8%B5%E0%B9%88110/9%E0%B8%AB%E0%B8%A1%E0%B8%B9%E0%B9%8817%E0%B8%96.%E0%B9%80%E0%B8%97%E0%B8%9E%E0%B8%B2%E0%B8%A3%E0%B8%B1%E0%B8%81%E0%B8%A9%E0%B9%8C,ดูดี เพ็ทช็อป,,,https://www.google.com/maps/search/?api=1&query=%E0%B8%94%E0%B8%B9%E0%B8%94%E0%B8%B5%20%E0%B9%80%E0%B8%9E%E0%B9%87%E0%B8%97%E0%B8%8A%E0%B9%87%E0%B8%AD%E0%B8%9B%20%E0%B9%80%E0%B8%A5%E0%B8%82%E0%B8%97%E0%B8%B5%E0%B9%88110/9%E0%B8%AB%E0%B8%A1%E0%B8%B9%E0%B9%8817%E0%B8%96.%E0%B9%80%E0%B8%97%E0%B8%9E%E0%B8%B2%E0%B8%A3%E0%B8%B1%E0%B8%81%E0%B8%A9%E0%B9%8C,พิกัดต้นทาง + พิกัดปลายทาง
SKN,ดูดี เพ็ทช็อป สาขาสามแยก บายพาส,ดูดี เพ็ทช็อป สาขาสามแยก บายพาส,,,https://www.google.com/maps/search/?api=1&query=%E0%B8%94%E0%B8%B9%E0%B8%94%E0%B8%B5%20%E0%B9%80%E0%B8%9E%E0%B9%87%E0%B8%97%E0%B8%8A%E0%B9%87%E0%B8%AD%E0%B8%9B%20%E0%B8%AA%E0%B8%B2%E0%B8%82%E0%B8%B2%E0%B8%AA%E0%B8%B2%E0%B8%A1%E0%B9%81%E0%B8%A2%E0%B8%81%20%E0%B8%9A%E0%B8%B2%E0%B8%A2%E0%B8%9E%E0%B8%B2%E0%B8%AA%20%E0%B9%80%E0%B8%A5%E0%B8%82%E0%B8%97%E0%B8%B5%E0%B9%88106/3%E0%B8%AB%E0%B8%A1%E0%B8%B9%E0%B9%881%E0%B8%96%E0%B8%99%E0%B8%99%E0%B9%80%E0%B8%97%E0%B8%9E%E0%B8%B2%E0%B8%A3%E0%B8%B1%E0%B8%81%E0%B8%A9%E0%B9%8C,ดูดี เพ็ทช็อป สาขาสามแยก บายพาส,,,https://www.google.com/maps/search/?api=1&query=%E0%B8%94%E0%B8%B9%E0%B8%94%E0%B8%B5%20%E0%B9%80%E0%B8%9E%E0%B9%87%E0%B8%97%E0%B8%8A%E0%B9%87%E0%B8%AD%E0%B8%9B%20%E0%B8%AA%E0%B8%B2%E0%B8%82%E0%B8%B2%E0%B8%AA%E0%B8%B2%E0%B8%A1%E0%B9%81%E0%B8%A2%E0%B8%81%20%E0%B8%9A%E0%B8%B2%E0%B8%A2%E0%B8%9E%E0%B8%B2%E0%B8%AA%20%E0%B9%80%E0%B8%A5%E0%B8%82%E0%B8%97%E0%B8%B5%E0%B9%88106/3%E0%B8%AB%E0%B8%A1%E0%B8%B9%E0%B9%881%E0%B8%96%E0%B8%99%E0%B8%99%E0%B9%80%E0%B8%97%E0%B8%9E%E0%B8%B2%E0%B8%A3%E0%B8%B1%E0%B8%81%E0%B8%A9%E0%B9%8C,พิกัดต้นทาง + พิกัดปลายทาง
SKN,เด่นดูดี บางปลา,เด่นดูดี บางปลา,,,https://www.google.com/maps/search/?api=1&query=%E0%B9%80%E0%B8%94%E0%B9%88%E0%B8%99%E0%B8%94%E0%B8%B9%E0%B8%94%E0%B8%B5%20%E0%B8%9A%E0%B8%B2%E0%B8%87%E0%B8%9B%E0%B8%A5%E0%B8%B2%2024%203268,เด่นดูดี บางปลา,,,https://www.google.com/maps/search/?api=1&query=%E0%B9%80%E0%B8%94%E0%B9%88%E0%B8%99%E0%B8%94%E0%B8%B9%E0%B8%94%E0%B8%B5%20%E0%B8%9A%E0%B8%B2%E0%B8%87%E0%B8%9B%E0%B8%A5%E0%B8%B2%2024%203268,พิกัดต้นทาง + พิกัดปลายทาง
SKN,เดอะวัน เพ็ทมาร์ท,เดอะวัน เพ็ทมาร์ท,,,https://www.google.com/maps/search/?api=1&query=%E0%B9%80%E0%B8%94%E0%B8%AD%E0%B8%B0%E0%B8%A7%E0%B8%B1%E0%B8%99%20%E0%B9%80%E0%B8%9E%E0%B9%87%E0%B8%97%E0%B8%A1%E0%B8%B2%E0%B8%A3%E0%B9%8C%E0%B8%97%2039/7-8%E0%B8%AB%E0%B8%A1%E0%B8%B9%E0%B9%884,เดอะวัน เพ็ทมาร์ท,,,https://www.google.com/maps/search/?api=1&query=%E0%B9%80%E0%B8%94%E0%B8%AD%E0%B8%B0%E0%B8%A7%E0%B8%B1%E0%B8%99%20%E0%B9%80%E0%B8%9E%E0%B9%87%E0%B8%97%E0%B8%A1%E0%B8%B2%E0%B8%A3%E0%B9%8C%E0%B8%97%2039/7-8%E0%B8%AB%E0%B8%A1%E0%B8%B9%E0%B9%884,พิกัดต้นทาง + พิกัดปลายทาง
SKN,ติน ติน เพ็ดช็อป,ติน ติน เพ็ดช็อป,,,https://www.google.com/maps/search/?api=1&query=%E0%B8%95%E0%B8%B4%E0%B8%99%20%E0%B8%95%E0%B8%B4%E0%B8%99%20%E0%B9%80%E0%B8%9E%E0%B9%87%E0%B8%94%E0%B8%8A%E0%B9%87%E0%B8%AD%E0%B8%9B%20120%E0%B8%96.%E0%B8%A3%E0%B8%B0%E0%B8%99%E0%B8%AD%E0%B8%87,ติน ติน เพ็ดช็อป,,,https://www.google.com/maps/search/?api=1&query=%E0%B8%95%E0%B8%B4%E0%B8%99%20%E0%B8%95%E0%B8%B4%E0%B8%99%20%E0%B9%80%E0%B8%9E%E0%B9%87%E0%B8%94%E0%B8%8A%E0%B9%87%E0%B8%AD%E0%B8%9B%20120%E0%B8%96.%E0%B8%A3%E0%B8%B0%E0%B8%99%E0%B8%AD%E0%B8%87,พิกัดต้นทาง + พิกัดปลายทาง
SKN,ตึกฟ้าอาหารสัตว์,ตึกฟ้าอาหารสัตว์,,,https://www.google.com/maps/search/?api=1&query=%E0%B8%95%E0%B8%B6%E0%B8%81%E0%B8%9F%E0%B9%89%E0%B8%B2%E0%B8%AD%E0%B8%B2%E0%B8%AB%E0%B8%B2%E0%B8%A3%E0%B8%AA%E0%B8%B1%E0%B8%95%E0%B8%A7%E0%B9%8C%20%E0%B9%80%E0%B8%A5%E0%B8%82%E0%B8%97%E0%B8%B5%E0%B9%88140/2%E0%B8%AB%E0%B8%A1%E0%B8%B9%E0%B9%882%E0%B8%96.%E0%B9%80%E0%B8%97%E0%B8%A8%E0%B8%9A%E0%B8%B2%E0%B8%A52,ตึกฟ้าอาหารสัตว์,,,https://www.google.com/maps/search/?api=1&query=%E0%B8%95%E0%B8%B6%E0%B8%81%E0%B8%9F%E0%B9%89%E0%B8%B2%E0%B8%AD%E0%B8%B2%E0%B8%AB%E0%B8%B2%E0%B8%A3%E0%B8%AA%E0%B8%B1%E0%B8%95%E0%B8%A7%E0%B9%8C%20%E0%B9%80%E0%B8%A5%E0%B8%82%E0%B8%97%E0%B8%B5%E0%B9%88140/2%E0%B8%AB%E0%B8%A1%E0%B8%B9%E0%B9%882%E0%B8%96.%E0%B9%80%E0%B8%97%E0%B8%A8%E0%B8%9A%E0%B8%B2%E0%B8%A52,พิกัดต้นทาง + พิกัดปลายทาง
SKN,เต็งเพ็ทช็อป,เต็งเพ็ทช็อป,,,https://www.google.com/maps/search/?api=1&query=%E0%B9%80%E0%B8%95%E0%B9%87%E0%B8%87%E0%B9%80%E0%B8%9E%E0%B9%87%E0%B8%97%E0%B8%8A%E0%B9%87%E0%B8%AD%E0%B8%9B%20126/145%E0%B8%AB%E0%B8%A1%E0%B8%B9%E0%B9%885%E0%B8%96%E0%B8%99%E0%B8%99%E0%B8%95%E0%B8%B4%E0%B8%A7%E0%B8%B2%E0%B8%99%E0%B8%99%E0%B8%97%E0%B9%8C,เต็งเพ็ทช็อป,,,https://www.google.com/maps/search/?api=1&query=%E0%B9%80%E0%B8%95%E0%B9%87%E0%B8%87%E0%B9%80%E0%B8%9E%E0%B9%87%E0%B8%97%E0%B8%8A%E0%B9%87%E0%B8%AD%E0%B8%9B%20126/145%E0%B8%AB%E0%B8%A1%E0%B8%B9%E0%B9%885%E0%B8%96%E0%B8%99%E0%B8%99%E0%B8%95%E0%B8%B4%E0%B8%A7%E0%B8%B2%E0%B8%99%E0%B8%99%E0%B8%97%E0%B9%8C,พิกัดต้นทาง + พิกัดปลายทาง
SKN,ธัญญะ เพ็ทช็อป,ธัญญะ เพ็ทช็อป,,,https://www.google.com/maps/search/?api=1&query=%E0%B8%98%E0%B8%B1%E0%B8%8D%E0%B8%8D%E0%B8%B0%20%E0%B9%80%E0%B8%9E%E0%B9%87%E0%B8%97%E0%B8%8A%E0%B9%87%E0%B8%AD%E0%B8%9B%20%E0%B9%80%E0%B8%A5%E0%B8%82%E0%B8%97%E0%B8%B5%E0%B9%88%E0%B8%8B17/149-150,ธัญญะ เพ็ทช็อป,,,https://www.google.com/maps/search/?api=1&query=%E0%B8%98%E0%B8%B1%E0%B8%8D%E0%B8%8D%E0%B8%B0%20%E0%B9%80%E0%B8%9E%E0%B9%87%E0%B8%97%E0%B8%8A%E0%B9%87%E0%B8%AD%E0%B8%9B%20%E0%B9%80%E0%B8%A5%E0%B8%82%E0%B8%97%E0%B8%B5%E0%B9%88%E0%B8%8B17/149-150,พิกัดต้นทาง + พิกัดปลายทาง
SKN,น.ส.จันทร์วดี เอี้ยงประโคน,น.ส.จันทร์วดี เอี้ยงประโคน,,,https://www.google.com/maps/search/?api=1&query=%E0%B8%99.%E0%B8%AA.%E0%B8%88%E0%B8%B1%E0%B8%99%E0%B8%97%E0%B8%A3%E0%B9%8C%E0%B8%A7%E0%B8%94%E0%B8%B5%20%E0%B9%80%E0%B8%AD%E0%B8%B5%E0%B9%89%E0%B8%A2%E0%B8%87%E0%B8%9B%E0%B8%A3%E0%B8%B0%E0%B9%82%E0%B8%84%E0%B8%99%20%E0%B9%80%E0%B8%A5%E0%B8%82%E0%B8%97%E0%B8%B5%E0%B9%8888/8%E0%B8%AB%E0%B8%A1%E0%B8%B9%E0%B9%881,น.ส.จันทร์วดี เอี้ยงประโคน,,,https://www.google.com/maps/search/?api=1&query=%E0%B8%99.%E0%B8%AA.%E0%B8%88%E0%B8%B1%E0%B8%99%E0%B8%97%E0%B8%A3%E0%B9%8C%E0%B8%A7%E0%B8%94%E0%B8%B5%20%E0%B9%80%E0%B8%AD%E0%B8%B5%E0%B9%89%E0%B8%A2%E0%B8%87%E0%B8%9B%E0%B8%A3%E0%B8%B0%E0%B9%82%E0%B8%84%E0%B8%99%20%E0%B9%80%E0%B8%A5%E0%B8%82%E0%B8%97%E0%B8%B5%E0%B9%8888/8%E0%B8%AB%E0%B8%A1%E0%B8%B9%E0%B9%881,พิกัดต้นทาง + พิกัดปลายทาง
SKN,น.ส.ชัชมาส ชวราพรรัตน์,น.ส.ชัชมาส ชวราพรรัตน์,,,https://www.google.com/maps/search/?api=1&query=%E0%B8%99.%E0%B8%AA.%E0%B8%8A%E0%B8%B1%E0%B8%8A%E0%B8%A1%E0%B8%B2%E0%B8%AA%20%E0%B8%8A%E0%B8%A7%E0%B8%A3%E0%B8%B2%E0%B8%9E%E0%B8%A3%E0%B8%A3%E0%B8%B1%E0%B8%95%E0%B8%99%E0%B9%8C%20%E0%B9%80%E0%B8%A5%E0%B8%82%E0%B8%97%E0%B8%B5%E0%B9%8871/77%E0%B8%AB%E0%B9%89%E0%B8%AD%E0%B8%87%E0%B9%81%E0%B8%96%E0%B8%A7%E0%B8%97%E0%B8%B5%E0%B9%881,น.ส.ชัชมาส ชวราพรรัตน์,,,https://www.google.com/maps/search/?api=1&query=%E0%B8%99.%E0%B8%AA.%E0%B8%8A%E0%B8%B1%E0%B8%8A%E0%B8%A1%E0%B8%B2%E0%B8%AA%20%E0%B8%8A%E0%B8%A7%E0%B8%A3%E0%B8%B2%E0%B8%9E%E0%B8%A3%E0%B8%A3%E0%B8%B1%E0%B8%95%E0%B8%99%E0%B9%8C%20%E0%B9%80%E0%B8%A5%E0%B8%82%E0%B8%97%E0%B8%B5%E0%B9%8871/77%E0%B8%AB%E0%B9%89%E0%B8%AD%E0%B8%87%E0%B9%81%E0%B8%96%E0%B8%A7%E0%B8%97%E0%B8%B5%E0%B9%881,พิกัดต้นทาง + พิกัดปลายทาง
SKN,น.ส.ปุณยวีร์ โชติปัญญารัตน์,น.ส.ปุณยวีร์ โชติปัญญารัตน์,,,https://www.google.com/maps/search/?api=1&query=%E0%B8%99.%E0%B8%AA.%E0%B8%9B%E0%B8%B8%E0%B8%93%E0%B8%A2%E0%B8%A7%E0%B8%B5%E0%B8%A3%E0%B9%8C%20%E0%B9%82%E0%B8%8A%E0%B8%95%E0%B8%B4%E0%B8%9B%E0%B8%B1%E0%B8%8D%E0%B8%8D%E0%B8%B2%E0%B8%A3%E0%B8%B1%E0%B8%95%E0%B8%99%E0%B9%8C%20%E0%B9%80%E0%B8%A5%E0%B8%82%E0%B8%97%E0%B8%B5%E0%B9%8899/426%E0%B8%AB%E0%B8%A1%E0%B8%B9%E0%B9%88%E0%B8%97%E0%B8%B5%E0%B9%886,น.ส.ปุณยวีร์ โชติปัญญารัตน์,,,https://www.google.com/maps/search/?api=1&query=%E0%B8%99.%E0%B8%AA.%E0%B8%9B%E0%B8%B8%E0%B8%93%E0%B8%A2%E0%B8%A7%E0%B8%B5%E0%B8%A3%E0%B9%8C%20%E0%B9%82%E0%B8%8A%E0%B8%95%E0%B8%B4%E0%B8%9B%E0%B8%B1%E0%B8%8D%E0%B8%8D%E0%B8%B2%E0%B8%A3%E0%B8%B1%E0%B8%95%E0%B8%99%E0%B9%8C%20%E0%B9%80%E0%B8%A5%E0%B8%82%E0%B8%97%E0%B8%B5%E0%B9%8899/426%E0%B8%AB%E0%B8%A1%E0%B8%B9%E0%B9%88%E0%B8%97%E0%B8%B5%E0%B9%886,พิกัดต้นทาง + พิกัดปลายทาง
SKN,น.ส.พรทิพย์ บูรณะฤดี,น.ส.พรทิพย์ บูรณะฤดี,,,https://www.google.com/maps/search/?api=1&query=%E0%B8%99.%E0%B8%AA.%E0%B8%9E%E0%B8%A3%E0%B8%97%E0%B8%B4%E0%B8%9E%E0%B8%A2%E0%B9%8C%20%E0%B8%9A%E0%B8%B9%E0%B8%A3%E0%B8%93%E0%B8%B0%E0%B8%A4%E0%B8%94%E0%B8%B5%20%E0%B9%80%E0%B8%A5%E0%B8%82%E0%B8%97%E0%B8%B5%E0%B9%8846/19%E0%B8%AB%E0%B8%A1%E0%B8%B9%E0%B9%88%E0%B8%9A%E0%B9%89%E0%B8%B2%E0%B8%99%E0%B8%9E%E0%B8%A4%E0%B8%81%E0%B8%A9%E0%B8%B2D%E0%B8%AB%E0%B8%A1%E0%B8%B9%E0%B9%88%E0%B8%97%E0%B8%B5%E0%B9%884,น.ส.พรทิพย์ บูรณะฤดี,,,https://www.google.com/maps/search/?api=1&query=%E0%B8%99.%E0%B8%AA.%E0%B8%9E%E0%B8%A3%E0%B8%97%E0%B8%B4%E0%B8%9E%E0%B8%A2%E0%B9%8C%20%E0%B8%9A%E0%B8%B9%E0%B8%A3%E0%B8%93%E0%B8%B0%E0%B8%A4%E0%B8%94%E0%B8%B5%20%E0%B9%80%E0%B8%A5%E0%B8%82%E0%B8%97%E0%B8%B5%E0%B9%8846/19%E0%B8%AB%E0%B8%A1%E0%B8%B9%E0%B9%88%E0%B8%9A%E0%B9%89%E0%B8%B2%E0%B8%99%E0%B8%9E%E0%B8%A4%E0%B8%81%E0%B8%A9%E0%B8%B2D%E0%B8%AB%E0%B8%A1%E0%B8%B9%E0%B9%88%E0%B8%97%E0%B8%B5%E0%B9%884,พิกัดต้นทาง + พิกัดปลายทาง
SKN,น.ส.พรพรรณ กกุสนธ์,น.ส.พรพรรณ กกุสนธ์,,,https://www.google.com/maps/search/?api=1&query=%E0%B8%99.%E0%B8%AA.%E0%B8%9E%E0%B8%A3%E0%B8%9E%E0%B8%A3%E0%B8%A3%E0%B8%93%20%E0%B8%81%E0%B8%81%E0%B8%B8%E0%B8%AA%E0%B8%99%E0%B8%98%E0%B9%8C%20%E0%B9%80%E0%B8%A5%E0%B8%82%E0%B8%97%E0%B8%B5%E0%B9%8861/68%E0%B8%A1.5,น.ส.พรพรรณ กกุสนธ์,,,https://www.google.com/maps/search/?api=1&query=%E0%B8%99.%E0%B8%AA.%E0%B8%9E%E0%B8%A3%E0%B8%9E%E0%B8%A3%E0%B8%A3%E0%B8%93%20%E0%B8%81%E0%B8%81%E0%B8%B8%E0%B8%AA%E0%B8%99%E0%B8%98%E0%B9%8C%20%E0%B9%80%E0%B8%A5%E0%B8%82%E0%B8%97%E0%B8%B5%E0%B9%8861/68%E0%B8%A1.5,พิกัดต้นทาง + พิกัดปลายทาง
SKN,น.ส.ภครศมน โรหิตจันทร์,น.ส.ภครศมน โรหิตจันทร์,,,https://www.google.com/maps/search/?api=1&query=%E0%B8%99.%E0%B8%AA.%E0%B8%A0%E0%B8%84%E0%B8%A3%E0%B8%A8%E0%B8%A1%E0%B8%99%20%E0%B9%82%E0%B8%A3%E0%B8%AB%E0%B8%B4%E0%B8%95%E0%B8%88%E0%B8%B1%E0%B8%99%E0%B8%97%E0%B8%A3%E0%B9%8C%2079/6%E0%B8%AB%E0%B8%A1%E0%B8%B9%E0%B9%8811,น.ส.ภครศมน โรหิตจันทร์,,,https://www.google.com/maps/search/?api=1&query=%E0%B8%99.%E0%B8%AA.%E0%B8%A0%E0%B8%84%E0%B8%A3%E0%B8%A8%E0%B8%A1%E0%B8%99%20%E0%B9%82%E0%B8%A3%E0%B8%AB%E0%B8%B4%E0%B8%95%E0%B8%88%E0%B8%B1%E0%B8%99%E0%B8%97%E0%B8%A3%E0%B9%8C%2079/6%E0%B8%AB%E0%B8%A1%E0%B8%B9%E0%B9%8811,พิกัดต้นทาง + พิกัดปลายทาง
SKN,น้องเพ็ทช็อป บางกะปิ,น้องเพ็ทช็อป บางกะปิ,,,https://www.google.com/maps/search/?api=1&query=%E0%B8%99%E0%B9%89%E0%B8%AD%E0%B8%87%E0%B9%80%E0%B8%9E%E0%B9%87%E0%B8%97%E0%B8%8A%E0%B9%87%E0%B8%AD%E0%B8%9B%20%E0%B8%9A%E0%B8%B2%E0%B8%87%E0%B8%81%E0%B8%B0%E0%B8%9B%E0%B8%B4%203109%20%E0%B8%8A%E0%B8%B1%E0%B9%89%E0%B8%991%20%E0%B8%AD%E0%B8%B2%E0%B8%84%E0%B8%B2%E0%B8%A3%20Tescolotus%20%E0%B8%96.%20%E0%B8%A5%E0%B8%B2%E0%B8%94%E0%B8%9E%E0%B8%A3%E0%B9%89%E0%B8%B2%E0%B8%A7,น้องเพ็ทช็อป บางกะปิ,,,https://www.google.com/maps/search/?api=1&query=%E0%B8%99%E0%B9%89%E0%B8%AD%E0%B8%87%E0%B9%80%E0%B8%9E%E0%B9%87%E0%B8%97%E0%B8%8A%E0%B9%87%E0%B8%AD%E0%B8%9B%20%E0%B8%9A%E0%B8%B2%E0%B8%87%E0%B8%81%E0%B8%B0%E0%B8%9B%E0%B8%B4%203109%20%E0%B8%8A%E0%B8%B1%E0%B9%89%E0%B8%991%20%E0%B8%AD%E0%B8%B2%E0%B8%84%E0%B8%B2%E0%B8%A3%20Tescolotus%20%E0%B8%96.%20%E0%B8%A5%E0%B8%B2%E0%B8%94%E0%B8%9E%E0%B8%A3%E0%B9%89%E0%B8%B2%E0%B8%A7,พิกัดต้นทาง + พิกัดปลายทาง
SKN,น้องเพ็ทช็อป บางใหญ่,น้องเพ็ทช็อป บางใหญ่,,,https://www.google.com/maps/search/?api=1&query=%E0%B8%99%E0%B9%89%E0%B8%AD%E0%B8%87%E0%B9%80%E0%B8%9E%E0%B9%87%E0%B8%97%E0%B8%8A%E0%B9%87%E0%B8%AD%E0%B8%9B%20%E0%B8%9A%E0%B8%B2%E0%B8%87%E0%B9%83%E0%B8%AB%E0%B8%8D%E0%B9%88%2083%209,น้องเพ็ทช็อป บางใหญ่,,,https://www.google.com/maps/search/?api=1&query=%E0%B8%99%E0%B9%89%E0%B8%AD%E0%B8%87%E0%B9%80%E0%B8%9E%E0%B9%87%E0%B8%97%E0%B8%8A%E0%B9%87%E0%B8%AD%E0%B8%9B%20%E0%B8%9A%E0%B8%B2%E0%B8%87%E0%B9%83%E0%B8%AB%E0%B8%8D%E0%B9%88%2083%209,พิกัดต้นทาง + พิกัดปลายทาง
SKN,นางกิติยาภรณ์ สังข์น้อย,นางกิติยาภรณ์ สังข์น้อย,,,https://www.google.com/maps/search/?api=1&query=%E0%B8%99%E0%B8%B2%E0%B8%87%E0%B8%81%E0%B8%B4%E0%B8%95%E0%B8%B4%E0%B8%A2%E0%B8%B2%E0%B8%A0%E0%B8%A3%E0%B8%93%E0%B9%8C%20%E0%B8%AA%E0%B8%B1%E0%B8%87%E0%B8%82%E0%B9%8C%E0%B8%99%E0%B9%89%E0%B8%AD%E0%B8%A2%20%E0%B9%80%E0%B8%A5%E0%B8%82%E0%B8%97%E0%B8%B5%E0%B9%88459/8,นางกิติยาภรณ์ สังข์น้อย,,,https://www.google.com/maps/search/?api=1&query=%E0%B8%99%E0%B8%B2%E0%B8%87%E0%B8%81%E0%B8%B4%E0%B8%95%E0%B8%B4%E0%B8%A2%E0%B8%B2%E0%B8%A0%E0%B8%A3%E0%B8%93%E0%B9%8C%20%E0%B8%AA%E0%B8%B1%E0%B8%87%E0%B8%82%E0%B9%8C%E0%B8%99%E0%B9%89%E0%B8%AD%E0%B8%A2%20%E0%B9%80%E0%B8%A5%E0%B8%82%E0%B8%97%E0%B8%B5%E0%B9%88459/8,พิกัดต้นทาง + พิกัดปลายทาง
SKN,นายคงศักย์  เจริญสุข,นายคงศักย์  เจริญสุข,,,https://www.google.com/maps/search/?api=1&query=%E0%B8%99%E0%B8%B2%E0%B8%A2%E0%B8%84%E0%B8%87%E0%B8%A8%E0%B8%B1%E0%B8%81%E0%B8%A2%E0%B9%8C%20%E0%B9%80%E0%B8%88%E0%B8%A3%E0%B8%B4%E0%B8%8D%E0%B8%AA%E0%B8%B8%E0%B8%82%20%E0%B9%80%E0%B8%A5%E0%B8%82%E0%B8%97%E0%B8%B5%E0%B9%88764%E0%B8%AB%E0%B8%A1%E0%B8%B9%E0%B9%88%E0%B8%97%E0%B8%B5%E0%B9%8810,นายคงศักย์  เจริญสุข,,,https://www.google.com/maps/search/?api=1&query=%E0%B8%99%E0%B8%B2%E0%B8%A2%E0%B8%84%E0%B8%87%E0%B8%A8%E0%B8%B1%E0%B8%81%E0%B8%A2%E0%B9%8C%20%E0%B9%80%E0%B8%88%E0%B8%A3%E0%B8%B4%E0%B8%8D%E0%B8%AA%E0%B8%B8%E0%B8%82%20%E0%B9%80%E0%B8%A5%E0%B8%82%E0%B8%97%E0%B8%B5%E0%B9%88764%E0%B8%AB%E0%B8%A1%E0%B8%B9%E0%B9%88%E0%B8%97%E0%B8%B5%E0%B9%8810,พิกัดต้นทาง + พิกัดปลายทาง
SKN,นายศุภชัย  มหาวรรณ์ (ร้าน เอ็ม.ซี เพท มาร์ท),นายศุภชัย  มหาวรรณ์ (ร้าน เอ็ม.ซี เพท มาร์ท),,,https://www.google.com/maps/search/?api=1&query=%E0%B8%99%E0%B8%B2%E0%B8%A2%E0%B8%A8%E0%B8%B8%E0%B8%A0%E0%B8%8A%E0%B8%B1%E0%B8%A2%20%E0%B8%A1%E0%B8%AB%E0%B8%B2%E0%B8%A7%E0%B8%A3%E0%B8%A3%E0%B8%93%E0%B9%8C%20%28%E0%B8%A3%E0%B9%89%E0%B8%B2%E0%B8%99%20%E0%B9%80%E0%B8%AD%E0%B9%87%E0%B8%A1.%E0%B8%8B%E0%B8%B5%20%E0%B9%80%E0%B8%9E%E0%B8%97%20%E0%B8%A1%E0%B8%B2%E0%B8%A3%E0%B9%8C%E0%B8%97%29%20%E0%B9%80%E0%B8%A5%E0%B8%82%E0%B8%97%E0%B8%B5%E0%B9%88128/18,นายศุภชัย  มหาวรรณ์ (ร้าน เอ็ม.ซี เพท มาร์ท),,,https://www.google.com/maps/search/?api=1&query=%E0%B8%99%E0%B8%B2%E0%B8%A2%E0%B8%A8%E0%B8%B8%E0%B8%A0%E0%B8%8A%E0%B8%B1%E0%B8%A2%20%E0%B8%A1%E0%B8%AB%E0%B8%B2%E0%B8%A7%E0%B8%A3%E0%B8%A3%E0%B8%93%E0%B9%8C%20%28%E0%B8%A3%E0%B9%89%E0%B8%B2%E0%B8%99%20%E0%B9%80%E0%B8%AD%E0%B9%87%E0%B8%A1.%E0%B8%8B%E0%B8%B5%20%E0%B9%80%E0%B8%9E%E0%B8%97%20%E0%B8%A1%E0%B8%B2%E0%B8%A3%E0%B9%8C%E0%B8%97%29%20%E0%B9%80%E0%B8%A5%E0%B8%82%E0%B8%97%E0%B8%B5%E0%B9%88128/18,พิกัดต้นทาง + พิกัดปลายทาง
SKN,นายสหภพ โต๊ะแสงธรรม,นายสหภพ โต๊ะแสงธรรม,,,https://www.google.com/maps/search/?api=1&query=%E0%B8%99%E0%B8%B2%E0%B8%A2%E0%B8%AA%E0%B8%AB%E0%B8%A0%E0%B8%9E%20%E0%B9%82%E0%B8%95%E0%B9%8A%E0%B8%B0%E0%B9%81%E0%B8%AA%E0%B8%87%E0%B8%98%E0%B8%A3%E0%B8%A3%E0%B8%A1%20137/34%E0%B8%A1.2,นายสหภพ โต๊ะแสงธรรม,,,https://www.google.com/maps/search/?api=1&query=%E0%B8%99%E0%B8%B2%E0%B8%A2%E0%B8%AA%E0%B8%AB%E0%B8%A0%E0%B8%9E%20%E0%B9%82%E0%B8%95%E0%B9%8A%E0%B8%B0%E0%B9%81%E0%B8%AA%E0%B8%87%E0%B8%98%E0%B8%A3%E0%B8%A3%E0%B8%A1%20137/34%E0%B8%A1.2,พิกัดต้นทาง + พิกัดปลายทาง
SKN,นำโชค เพ็ทช็อป สาขาภูเก็ต,นำโชค เพ็ทช็อป สาขาภูเก็ต,,,https://www.google.com/maps/search/?api=1&query=%E0%B8%99%E0%B8%B3%E0%B9%82%E0%B8%8A%E0%B8%84%20%E0%B9%80%E0%B8%9E%E0%B9%87%E0%B8%97%E0%B8%8A%E0%B9%87%E0%B8%AD%E0%B8%9B%20%E0%B8%AA%E0%B8%B2%E0%B8%82%E0%B8%B2%E0%B8%A0%E0%B8%B9%E0%B9%80%E0%B8%81%E0%B9%87%E0%B8%95%20%E0%B9%80%E0%B8%A5%E0%B8%82%E0%B8%97%E0%B8%B5%E0%B9%88369/117-118%E0%B8%96.%E0%B9%80%E0%B8%A2%E0%B8%B2%E0%B8%A7%E0%B8%A3%E0%B8%B2%E0%B8%8A,นำโชค เพ็ทช็อป สาขาภูเก็ต,,,https://www.google.com/maps/search/?api=1&query=%E0%B8%99%E0%B8%B3%E0%B9%82%E0%B8%8A%E0%B8%84%20%E0%B9%80%E0%B8%9E%E0%B9%87%E0%B8%97%E0%B8%8A%E0%B9%87%E0%B8%AD%E0%B8%9B%20%E0%B8%AA%E0%B8%B2%E0%B8%82%E0%B8%B2%E0%B8%A0%E0%B8%B9%E0%B9%80%E0%B8%81%E0%B9%87%E0%B8%95%20%E0%B9%80%E0%B8%A5%E0%B8%82%E0%B8%97%E0%B8%B5%E0%B9%88369/117-118%E0%B8%96.%E0%B9%80%E0%B8%A2%E0%B8%B2%E0%B8%A7%E0%B8%A3%E0%B8%B2%E0%B8%8A,พิกัดต้นทาง + พิกัดปลายทาง
SKN,บจก. พีพี เพ็ท ซัพพลาย(สำนักงานใหญ่),บจก. พีพี เพ็ท ซัพพลาย(สำนักงานใหญ่),,,https://www.google.com/maps/search/?api=1&query=%E0%B8%9A%E0%B8%88%E0%B8%81.%20%E0%B8%9E%E0%B8%B5%E0%B8%9E%E0%B8%B5%20%E0%B9%80%E0%B8%9E%E0%B9%87%E0%B8%97%20%E0%B8%8B%E0%B8%B1%E0%B8%9E%E0%B8%9E%E0%B8%A5%E0%B8%B2%E0%B8%A2%28%E0%B8%AA%E0%B8%B3%E0%B8%99%E0%B8%B1%E0%B8%81%E0%B8%87%E0%B8%B2%E0%B8%99%E0%B9%83%E0%B8%AB%E0%B8%8D%E0%B9%88%29%20192%E0%B8%96.%E0%B8%AA%E0%B8%B8%E0%B8%82%E0%B8%B8%E0%B8%A1%E0%B8%A7%E0%B8%B4%E0%B8%97,บจก. พีพี เพ็ท ซัพพลาย(สำนักงานใหญ่),,,https://www.google.com/maps/search/?api=1&query=%E0%B8%9A%E0%B8%88%E0%B8%81.%20%E0%B8%9E%E0%B8%B5%E0%B8%9E%E0%B8%B5%20%E0%B9%80%E0%B8%9E%E0%B9%87%E0%B8%97%20%E0%B8%8B%E0%B8%B1%E0%B8%9E%E0%B8%9E%E0%B8%A5%E0%B8%B2%E0%B8%A2%28%E0%B8%AA%E0%B8%B3%E0%B8%99%E0%B8%B1%E0%B8%81%E0%B8%87%E0%B8%B2%E0%B8%99%E0%B9%83%E0%B8%AB%E0%B8%8D%E0%B9%88%29%20192%E0%B8%96.%E0%B8%AA%E0%B8%B8%E0%B8%82%E0%B8%B8%E0%B8%A1%E0%B8%A7%E0%B8%B4%E0%B8%97,พิกัดต้นทาง + พิกัดปลายทาง
SKN,บจก.เค.ยู. การ์เด้น เซ็นเตอร์,บจก.เค.ยู. การ์เด้น เซ็นเตอร์,,,https://www.google.com/maps/search/?api=1&query=%E0%B8%9A%E0%B8%88%E0%B8%81.%E0%B9%80%E0%B8%84.%E0%B8%A2%E0%B8%B9.%20%E0%B8%81%E0%B8%B2%E0%B8%A3%E0%B9%8C%E0%B9%80%E0%B8%94%E0%B9%89%E0%B8%99%20%E0%B9%80%E0%B8%8B%E0%B9%87%E0%B8%99%E0%B9%80%E0%B8%95%E0%B8%AD%E0%B8%A3%E0%B9%8C%2097/01%E0%B8%96.%E0%B9%80%E0%B8%A5%E0%B8%B5%E0%B8%A2%E0%B8%9A%E0%B9%80%E0%B8%A1%E0%B8%B7%E0%B8%AD%E0%B8%87%E0%B8%99%E0%B8%99%E0%B8%97%E0%B8%9A%E0%B8%B8%E0%B8%A3%E0%B8%B5,บจก.เค.ยู. การ์เด้น เซ็นเตอร์,,,https://www.google.com/maps/search/?api=1&query=%E0%B8%9A%E0%B8%88%E0%B8%81.%E0%B9%80%E0%B8%84.%E0%B8%A2%E0%B8%B9.%20%E0%B8%81%E0%B8%B2%E0%B8%A3%E0%B9%8C%E0%B9%80%E0%B8%94%E0%B9%89%E0%B8%99%20%E0%B9%80%E0%B8%8B%E0%B9%87%E0%B8%99%E0%B9%80%E0%B8%95%E0%B8%AD%E0%B8%A3%E0%B9%8C%2097/01%E0%B8%96.%E0%B9%80%E0%B8%A5%E0%B8%B5%E0%B8%A2%E0%B8%9A%E0%B9%80%E0%B8%A1%E0%B8%B7%E0%B8%AD%E0%B8%87%E0%B8%99%E0%B8%99%E0%B8%97%E0%B8%9A%E0%B8%B8%E0%B8%A3%E0%B8%B5,พิกัดต้นทาง + พิกัดปลายทาง
SKN,บจก.เคทีเอส เพ็ทมาร์ท สาขา เมืองทอง,บจก.เคทีเอส เพ็ทมาร์ท สาขา เมืองทอง,,,https://www.google.com/maps/search/?api=1&query=%E0%B8%9A%E0%B8%88%E0%B8%81.%E0%B9%80%E0%B8%84%E0%B8%97%E0%B8%B5%E0%B9%80%E0%B8%AD%E0%B8%AA%20%E0%B9%80%E0%B8%9E%E0%B9%87%E0%B8%97%E0%B8%A1%E0%B8%B2%E0%B8%A3%E0%B9%8C%E0%B8%97%20%E0%B8%AA%E0%B8%B2%E0%B8%82%E0%B8%B2%20%E0%B9%80%E0%B8%A1%E0%B8%B7%E0%B8%AD%E0%B8%87%E0%B8%97%E0%B8%AD%E0%B8%87%2058/150%2C152%E0%B9%80%E0%B8%A1%E0%B8%B7%E0%B8%AD%E0%B8%87%E0%B8%97%E0%B8%AD%E0%B8%87%E0%B8%98%E0%B8%B2%E0%B8%99%E0%B8%B5%E0%B8%96%E0%B8%99%E0%B8%99%E0%B9%81%E0%B8%88%E0%B9%89%E0%B8%87%E0%B8%A7%E0%B8%B1%E0%B8%92%E0%B8%99%E0%B8%B0,บจก.เคทีเอส เพ็ทมาร์ท สาขา เมืองทอง,,,https://www.google.com/maps/search/?api=1&query=%E0%B8%9A%E0%B8%88%E0%B8%81.%E0%B9%80%E0%B8%84%E0%B8%97%E0%B8%B5%E0%B9%80%E0%B8%AD%E0%B8%AA%20%E0%B9%80%E0%B8%9E%E0%B9%87%E0%B8%97%E0%B8%A1%E0%B8%B2%E0%B8%A3%E0%B9%8C%E0%B8%97%20%E0%B8%AA%E0%B8%B2%E0%B8%82%E0%B8%B2%20%E0%B9%80%E0%B8%A1%E0%B8%B7%E0%B8%AD%E0%B8%87%E0%B8%97%E0%B8%AD%E0%B8%87%2058/150%2C152%E0%B9%80%E0%B8%A1%E0%B8%B7%E0%B8%AD%E0%B8%87%E0%B8%97%E0%B8%AD%E0%B8%87%E0%B8%98%E0%B8%B2%E0%B8%99%E0%B8%B5%E0%B8%96%E0%B8%99%E0%B8%99%E0%B9%81%E0%B8%88%E0%B9%89%E0%B8%87%E0%B8%A7%E0%B8%B1%E0%B8%92%E0%B8%99%E0%B8%B0,พิกัดต้นทาง + พิกัดปลายทาง
SKN,บจก.เคทีเอส เพ็ทมาร์ท สาขาชัยพฤกษ์,บจก.เคทีเอส เพ็ทมาร์ท สาขาชัยพฤกษ์,,,https://www.google.com/maps/search/?api=1&query=%E0%B8%9A%E0%B8%88%E0%B8%81.%E0%B9%80%E0%B8%84%E0%B8%97%E0%B8%B5%E0%B9%80%E0%B8%AD%E0%B8%AA%20%E0%B9%80%E0%B8%9E%E0%B9%87%E0%B8%97%E0%B8%A1%E0%B8%B2%E0%B8%A3%E0%B9%8C%E0%B8%97%20%E0%B8%AA%E0%B8%B2%E0%B8%82%E0%B8%B2%E0%B8%8A%E0%B8%B1%E0%B8%A2%E0%B8%9E%E0%B8%A4%E0%B8%81%E0%B8%A9%E0%B9%8C%208/10%E0%B8%AB%E0%B8%A1%E0%B8%B9%E0%B9%88%E0%B8%97%E0%B8%B5%E0%B9%884%E0%B8%96%E0%B8%99%E0%B8%99%E0%B8%8A%E0%B8%B1%E0%B8%A2%E0%B8%9E%E0%B8%A4%E0%B8%81%E0%B8%A9%E0%B9%8C,บจก.เคทีเอส เพ็ทมาร์ท สาขาชัยพฤกษ์,,,https://www.google.com/maps/search/?api=1&query=%E0%B8%9A%E0%B8%88%E0%B8%81.%E0%B9%80%E0%B8%84%E0%B8%97%E0%B8%B5%E0%B9%80%E0%B8%AD%E0%B8%AA%20%E0%B9%80%E0%B8%9E%E0%B9%87%E0%B8%97%E0%B8%A1%E0%B8%B2%E0%B8%A3%E0%B9%8C%E0%B8%97%20%E0%B8%AA%E0%B8%B2%E0%B8%82%E0%B8%B2%E0%B8%8A%E0%B8%B1%E0%B8%A2%E0%B8%9E%E0%B8%A4%E0%B8%81%E0%B8%A9%E0%B9%8C%208/10%E0%B8%AB%E0%B8%A1%E0%B8%B9%E0%B9%88%E0%B8%97%E0%B8%B5%E0%B9%884%E0%B8%96%E0%B8%99%E0%B8%99%E0%B8%8A%E0%B8%B1%E0%B8%A2%E0%B8%9E%E0%B8%A4%E0%B8%81%E0%B8%A9%E0%B9%8C,พิกัดต้นทาง + พิกัดปลายทาง
SKN,บจก.เคทีเอส เพ็ทมาร์ทสาขา ระยอง จันทอุดม,บจก.เคทีเอส เพ็ทมาร์ทสาขา ระยอง จันทอุดม,,,https://www.google.com/maps/search/?api=1&query=%E0%B8%9A%E0%B8%88%E0%B8%81.%E0%B9%80%E0%B8%84%E0%B8%97%E0%B8%B5%E0%B9%80%E0%B8%AD%E0%B8%AA%20%E0%B9%80%E0%B8%9E%E0%B9%87%E0%B8%97%E0%B8%A1%E0%B8%B2%E0%B8%A3%E0%B9%8C%E0%B8%97%E0%B8%AA%E0%B8%B2%E0%B8%82%E0%B8%B2%20%E0%B8%A3%E0%B8%B0%E0%B8%A2%E0%B8%AD%E0%B8%87%20%E0%B8%88%E0%B8%B1%E0%B8%99%E0%B8%97%E0%B8%AD%E0%B8%B8%E0%B8%94%E0%B8%A1%2079/16-18%E0%B8%96.%E0%B8%88%E0%B8%B1%E0%B8%99%E0%B8%97%E0%B8%AD%E0%B8%B8%E0%B8%94%E0%B8%A1,บจก.เคทีเอส เพ็ทมาร์ทสาขา ระยอง จันทอุดม,,,https://www.google.com/maps/search/?api=1&query=%E0%B8%9A%E0%B8%88%E0%B8%81.%E0%B9%80%E0%B8%84%E0%B8%97%E0%B8%B5%E0%B9%80%E0%B8%AD%E0%B8%AA%20%E0%B9%80%E0%B8%9E%E0%B9%87%E0%B8%97%E0%B8%A1%E0%B8%B2%E0%B8%A3%E0%B9%8C%E0%B8%97%E0%B8%AA%E0%B8%B2%E0%B8%82%E0%B8%B2%20%E0%B8%A3%E0%B8%B0%E0%B8%A2%E0%B8%AD%E0%B8%87%20%E0%B8%88%E0%B8%B1%E0%B8%99%E0%B8%97%E0%B8%AD%E0%B8%B8%E0%B8%94%E0%B8%A1%2079/16-18%E0%B8%96.%E0%B8%88%E0%B8%B1%E0%B8%99%E0%B8%97%E0%B8%AD%E0%B8%B8%E0%B8%94%E0%B8%A1,พิกัดต้นทาง + พิกัดปลายทาง
SKN,บจก.เคทีเอส เพ็ทมาร์สาขา ระยอง ตลาดสตาร์,บจก.เคทีเอส เพ็ทมาร์สาขา ระยอง ตลาดสตาร์,,,https://www.google.com/maps/search/?api=1&query=%E0%B8%9A%E0%B8%88%E0%B8%81.%E0%B9%80%E0%B8%84%E0%B8%97%E0%B8%B5%E0%B9%80%E0%B8%AD%E0%B8%AA%20%E0%B9%80%E0%B8%9E%E0%B9%87%E0%B8%97%E0%B8%A1%E0%B8%B2%E0%B8%A3%E0%B9%8C%E0%B8%AA%E0%B8%B2%E0%B8%82%E0%B8%B2%20%E0%B8%A3%E0%B8%B0%E0%B8%A2%E0%B8%AD%E0%B8%87%20%E0%B8%95%E0%B8%A5%E0%B8%B2%E0%B8%94%E0%B8%AA%E0%B8%95%E0%B8%B2%E0%B8%A3%E0%B9%8C%20150/1%E0%B8%96.%E0%B8%A3%E0%B8%B2%E0%B8%A9%E0%B8%8E%E0%B8%A3%E0%B9%8C%E0%B8%AD%E0%B8%B8%E0%B8%97%E0%B8%B4%E0%B8%A8,บจก.เคทีเอส เพ็ทมาร์สาขา ระยอง ตลาดสตาร์,,,https://www.google.com/maps/search/?api=1&query=%E0%B8%9A%E0%B8%88%E0%B8%81.%E0%B9%80%E0%B8%84%E0%B8%97%E0%B8%B5%E0%B9%80%E0%B8%AD%E0%B8%AA%20%E0%B9%80%E0%B8%9E%E0%B9%87%E0%B8%97%E0%B8%A1%E0%B8%B2%E0%B8%A3%E0%B9%8C%E0%B8%AA%E0%B8%B2%E0%B8%82%E0%B8%B2%20%E0%B8%A3%E0%B8%B0%E0%B8%A2%E0%B8%AD%E0%B8%87%20%E0%B8%95%E0%B8%A5%E0%B8%B2%E0%B8%94%E0%B8%AA%E0%B8%95%E0%B8%B2%E0%B8%A3%E0%B9%8C%20150/1%E0%B8%96.%E0%B8%A3%E0%B8%B2%E0%B8%A9%E0%B8%8E%E0%B8%A3%E0%B9%8C%E0%B8%AD%E0%B8%B8%E0%B8%97%E0%B8%B4%E0%B8%A8,พิกัดต้นทาง + พิกัดปลายทาง
SKN,บจก.นครปฐมไพศาล สาขานครชัยศรี,บจก.นครปฐมไพศาล สาขานครชัยศรี,,,https://www.google.com/maps/search/?api=1&query=%E0%B8%9A%E0%B8%88%E0%B8%81.%E0%B8%99%E0%B8%84%E0%B8%A3%E0%B8%9B%E0%B8%90%E0%B8%A1%E0%B9%84%E0%B8%9E%E0%B8%A8%E0%B8%B2%E0%B8%A5%20%E0%B8%AA%E0%B8%B2%E0%B8%82%E0%B8%B2%E0%B8%99%E0%B8%84%E0%B8%A3%E0%B8%8A%E0%B8%B1%E0%B8%A2%E0%B8%A8%E0%B8%A3%E0%B8%B5%2095/59%E0%B8%AB%E0%B8%A1%E0%B8%B9%E0%B9%883%E0%B8%96.%E0%B8%A8%E0%B8%A3%E0%B8%B5%E0%B8%AD%E0%B8%B8%E0%B8%97%E0%B8%B1%E0%B8%A2,บจก.นครปฐมไพศาล สาขานครชัยศรี,,,https://www.google.com/maps/search/?api=1&query=%E0%B8%9A%E0%B8%88%E0%B8%81.%E0%B8%99%E0%B8%84%E0%B8%A3%E0%B8%9B%E0%B8%90%E0%B8%A1%E0%B9%84%E0%B8%9E%E0%B8%A8%E0%B8%B2%E0%B8%A5%20%E0%B8%AA%E0%B8%B2%E0%B8%82%E0%B8%B2%E0%B8%99%E0%B8%84%E0%B8%A3%E0%B8%8A%E0%B8%B1%E0%B8%A2%E0%B8%A8%E0%B8%A3%E0%B8%B5%2095/59%E0%B8%AB%E0%B8%A1%E0%B8%B9%E0%B9%883%E0%B8%96.%E0%B8%A8%E0%B8%A3%E0%B8%B5%E0%B8%AD%E0%B8%B8%E0%B8%97%E0%B8%B1%E0%B8%A2,พิกัดต้นทาง + พิกัดปลายทาง
SKN,บจก.เพ็ทสเตชัน สาขาดรีมแลนด์มาร์เก็ต,บจก.เพ็ทสเตชัน สาขาดรีมแลนด์มาร์เก็ต,,,https://www.google.com/maps/search/?api=1&query=%E0%B8%9A%E0%B8%88%E0%B8%81.%E0%B9%80%E0%B8%9E%E0%B9%87%E0%B8%97%E0%B8%AA%E0%B9%80%E0%B8%95%E0%B8%8A%E0%B8%B1%E0%B8%99%20%E0%B8%AA%E0%B8%B2%E0%B8%82%E0%B8%B2%E0%B8%94%E0%B8%A3%E0%B8%B5%E0%B8%A1%E0%B9%81%E0%B8%A5%E0%B8%99%E0%B8%94%E0%B9%8C%E0%B8%A1%E0%B8%B2%E0%B8%A3%E0%B9%8C%E0%B9%80%E0%B8%81%E0%B9%87%E0%B8%95%20%E0%B9%80%E0%B8%A5%E0%B8%82%E0%B8%97%E0%B8%B5%E0%B9%88100/51%E0%B8%AB%E0%B8%A1%E0%B8%B9%E0%B9%8814,บจก.เพ็ทสเตชัน สาขาดรีมแลนด์มาร์เก็ต,,,https://www.google.com/maps/search/?api=1&query=%E0%B8%9A%E0%B8%88%E0%B8%81.%E0%B9%80%E0%B8%9E%E0%B9%87%E0%B8%97%E0%B8%AA%E0%B9%80%E0%B8%95%E0%B8%8A%E0%B8%B1%E0%B8%99%20%E0%B8%AA%E0%B8%B2%E0%B8%82%E0%B8%B2%E0%B8%94%E0%B8%A3%E0%B8%B5%E0%B8%A1%E0%B9%81%E0%B8%A5%E0%B8%99%E0%B8%94%E0%B9%8C%E0%B8%A1%E0%B8%B2%E0%B8%A3%E0%B9%8C%E0%B9%80%E0%B8%81%E0%B9%87%E0%B8%95%20%E0%B9%80%E0%B8%A5%E0%B8%82%E0%B8%97%E0%B8%B5%E0%B9%88100/51%E0%B8%AB%E0%B8%A1%E0%B8%B9%E0%B9%8814,พิกัดต้นทาง + พิกัดปลายทาง
SKN,บจก.ฟิตวัน เพ็ทซัพพลายส์ สาขาธัญบุรี คลอง 2,บจก.ฟิตวัน เพ็ทซัพพลายส์ สาขาธัญบุรี คลอง 2,,,https://www.google.com/maps/search/?api=1&query=%E0%B8%9A%E0%B8%88%E0%B8%81.%E0%B8%9F%E0%B8%B4%E0%B8%95%E0%B8%A7%E0%B8%B1%E0%B8%99%20%E0%B9%80%E0%B8%9E%E0%B9%87%E0%B8%97%E0%B8%8B%E0%B8%B1%E0%B8%9E%E0%B8%9E%E0%B8%A5%E0%B8%B2%E0%B8%A2%E0%B8%AA%E0%B9%8C%20%E0%B8%AA%E0%B8%B2%E0%B8%82%E0%B8%B2%E0%B8%98%E0%B8%B1%E0%B8%8D%E0%B8%9A%E0%B8%B8%E0%B8%A3%E0%B8%B5%20%E0%B8%84%E0%B8%A5%E0%B8%AD%E0%B8%87%202%20%E0%B9%80%E0%B8%A5%E0%B8%82%E0%B8%97%E0%B8%B5%E0%B9%88465%E0%B8%96%E0%B8%99%E0%B8%99%E0%B8%A3%E0%B8%B1%E0%B8%87%E0%B8%AA%E0%B8%B4%E0%B8%95-%E0%B8%99%E0%B8%84%E0%B8%A3%E0%B8%99%E0%B8%B2%E0%B8%A2%E0%B8%81,บจก.ฟิตวัน เพ็ทซัพพลายส์ สาขาธัญบุรี คลอง 2,,,https://www.google.com/maps/search/?api=1&query=%E0%B8%9A%E0%B8%88%E0%B8%81.%E0%B8%9F%E0%B8%B4%E0%B8%95%E0%B8%A7%E0%B8%B1%E0%B8%99%20%E0%B9%80%E0%B8%9E%E0%B9%87%E0%B8%97%E0%B8%8B%E0%B8%B1%E0%B8%9E%E0%B8%9E%E0%B8%A5%E0%B8%B2%E0%B8%A2%E0%B8%AA%E0%B9%8C%20%E0%B8%AA%E0%B8%B2%E0%B8%82%E0%B8%B2%E0%B8%98%E0%B8%B1%E0%B8%8D%E0%B8%9A%E0%B8%B8%E0%B8%A3%E0%B8%B5%20%E0%B8%84%E0%B8%A5%E0%B8%AD%E0%B8%87%202%20%E0%B9%80%E0%B8%A5%E0%B8%82%E0%B8%97%E0%B8%B5%E0%B9%88465%E0%B8%96%E0%B8%99%E0%B8%99%E0%B8%A3%E0%B8%B1%E0%B8%87%E0%B8%AA%E0%B8%B4%E0%B8%95-%E0%B8%99%E0%B8%84%E0%B8%A3%E0%B8%99%E0%B8%B2%E0%B8%A2%E0%B8%81,พิกัดต้นทาง + พิกัดปลายทาง
SKN,บจก.ฟิตวัน เพ็ทซัพพลายส์ สำนักงานใหญ่,บจก.ฟิตวัน เพ็ทซัพพลายส์ สำนักงานใหญ่,,,https://www.google.com/maps/search/?api=1&query=%E0%B8%9A%E0%B8%88%E0%B8%81.%E0%B8%9F%E0%B8%B4%E0%B8%95%E0%B8%A7%E0%B8%B1%E0%B8%99%20%E0%B9%80%E0%B8%9E%E0%B9%87%E0%B8%97%E0%B8%8B%E0%B8%B1%E0%B8%9E%E0%B8%9E%E0%B8%A5%E0%B8%B2%E0%B8%A2%E0%B8%AA%E0%B9%8C%20%E0%B8%AA%E0%B8%B3%E0%B8%99%E0%B8%B1%E0%B8%81%E0%B8%87%E0%B8%B2%E0%B8%99%E0%B9%83%E0%B8%AB%E0%B8%8D%E0%B9%88%20158/18%E0%B8%AB%E0%B8%A1%E0%B8%B9%E0%B9%88%E0%B8%97%E0%B8%B5%E0%B9%884,บจก.ฟิตวัน เพ็ทซัพพลายส์ สำนักงานใหญ่,,,https://www.google.com/maps/search/?api=1&query=%E0%B8%9A%E0%B8%88%E0%B8%81.%E0%B8%9F%E0%B8%B4%E0%B8%95%E0%B8%A7%E0%B8%B1%E0%B8%99%20%E0%B9%80%E0%B8%9E%E0%B9%87%E0%B8%97%E0%B8%8B%E0%B8%B1%E0%B8%9E%E0%B8%9E%E0%B8%A5%E0%B8%B2%E0%B8%A2%E0%B8%AA%E0%B9%8C%20%E0%B8%AA%E0%B8%B3%E0%B8%99%E0%B8%B1%E0%B8%81%E0%B8%87%E0%B8%B2%E0%B8%99%E0%B9%83%E0%B8%AB%E0%B8%8D%E0%B9%88%20158/18%E0%B8%AB%E0%B8%A1%E0%B8%B9%E0%B9%88%E0%B8%97%E0%B8%B5%E0%B9%884,พิกัดต้นทาง + พิกัดปลายทาง
SKN,บจก.มนูญเพ็ทช็อป บาย ไอเคเอส (สาขา E-Commerce),บจก.มนูญเพ็ทช็อป บาย ไอเคเอส (สาขา E-Commerce),,,https://www.google.com/maps/search/?api=1&query=%E0%B8%9A%E0%B8%88%E0%B8%81.%E0%B8%A1%E0%B8%99%E0%B8%B9%E0%B8%8D%E0%B9%80%E0%B8%9E%E0%B9%87%E0%B8%97%E0%B8%8A%E0%B9%87%E0%B8%AD%E0%B8%9B%20%E0%B8%9A%E0%B8%B2%E0%B8%A2%20%E0%B9%84%E0%B8%AD%E0%B9%80%E0%B8%84%E0%B9%80%E0%B8%AD%E0%B8%AA%20%28%E0%B8%AA%E0%B8%B2%E0%B8%82%E0%B8%B2%20E-Commerce%29%2086/6-7%E0%B8%A1.2,บจก.มนูญเพ็ทช็อป บาย ไอเคเอส (สาขา E-Commerce),,,https://www.google.com/maps/search/?api=1&query=%E0%B8%9A%E0%B8%88%E0%B8%81.%E0%B8%A1%E0%B8%99%E0%B8%B9%E0%B8%8D%E0%B9%80%E0%B8%9E%E0%B9%87%E0%B8%97%E0%B8%8A%E0%B9%87%E0%B8%AD%E0%B8%9B%20%E0%B8%9A%E0%B8%B2%E0%B8%A2%20%E0%B9%84%E0%B8%AD%E0%B9%80%E0%B8%84%E0%B9%80%E0%B8%AD%E0%B8%AA%20%28%E0%B8%AA%E0%B8%B2%E0%B8%82%E0%B8%B2%20E-Commerce%29%2086/6-7%E0%B8%A1.2,พิกัดต้นทาง + พิกัดปลายทาง
SKN,บจก.มนูญเพ็ทช็อป บาย ไอเคเอส (สาขารัตนาธิเบศร์),บจก.มนูญเพ็ทช็อป บาย ไอเคเอส (สาขารัตนาธิเบศร์),,,https://www.google.com/maps/search/?api=1&query=%E0%B8%9A%E0%B8%88%E0%B8%81.%E0%B8%A1%E0%B8%99%E0%B8%B9%E0%B8%8D%E0%B9%80%E0%B8%9E%E0%B9%87%E0%B8%97%E0%B8%8A%E0%B9%87%E0%B8%AD%E0%B8%9B%20%E0%B8%9A%E0%B8%B2%E0%B8%A2%20%E0%B9%84%E0%B8%AD%E0%B9%80%E0%B8%84%E0%B9%80%E0%B8%AD%E0%B8%AA%20%28%E0%B8%AA%E0%B8%B2%E0%B8%82%E0%B8%B2%E0%B8%A3%E0%B8%B1%E0%B8%95%E0%B8%99%E0%B8%B2%E0%B8%98%E0%B8%B4%E0%B9%80%E0%B8%9A%E0%B8%A8%E0%B8%A3%E0%B9%8C%29%20%E0%B9%80%E0%B8%A5%E0%B8%82%E0%B8%97%E0%B8%B5%E0%B9%88243%E0%B8%A1.8,บจก.มนูญเพ็ทช็อป บาย ไอเคเอส (สาขารัตนาธิเบศร์),,,https://www.google.com/maps/search/?api=1&query=%E0%B8%9A%E0%B8%88%E0%B8%81.%E0%B8%A1%E0%B8%99%E0%B8%B9%E0%B8%8D%E0%B9%80%E0%B8%9E%E0%B9%87%E0%B8%97%E0%B8%8A%E0%B9%87%E0%B8%AD%E0%B8%9B%20%E0%B8%9A%E0%B8%B2%E0%B8%A2%20%E0%B9%84%E0%B8%AD%E0%B9%80%E0%B8%84%E0%B9%80%E0%B8%AD%E0%B8%AA%20%28%E0%B8%AA%E0%B8%B2%E0%B8%82%E0%B8%B2%E0%B8%A3%E0%B8%B1%E0%B8%95%E0%B8%99%E0%B8%B2%E0%B8%98%E0%B8%B4%E0%B9%80%E0%B8%9A%E0%B8%A8%E0%B8%A3%E0%B9%8C%29%20%E0%B9%80%E0%B8%A5%E0%B8%82%E0%B8%97%E0%B8%B5%E0%B9%88243%E0%B8%A1.8,พิกัดต้นทาง + พิกัดปลายทาง
SKN,บจก.วีว่า พรีเมี่ยม เพ็ท สโตร์ (สำนักงานใหญ่),บจก.วีว่า พรีเมี่ยม เพ็ท สโตร์ (สำนักงานใหญ่),,,https://www.google.com/maps/search/?api=1&query=%E0%B8%9A%E0%B8%88%E0%B8%81.%E0%B8%A7%E0%B8%B5%E0%B8%A7%E0%B9%88%E0%B8%B2%20%E0%B8%9E%E0%B8%A3%E0%B8%B5%E0%B9%80%E0%B8%A1%E0%B8%B5%E0%B9%88%E0%B8%A2%E0%B8%A1%20%E0%B9%80%E0%B8%9E%E0%B9%87%E0%B8%97%20%E0%B8%AA%E0%B9%82%E0%B8%95%E0%B8%A3%E0%B9%8C%20%28%E0%B8%AA%E0%B8%B3%E0%B8%99%E0%B8%B1%E0%B8%81%E0%B8%87%E0%B8%B2%E0%B8%99%E0%B9%83%E0%B8%AB%E0%B8%8D%E0%B9%88%29%2099/88%E0%B8%AB%E0%B8%A1%E0%B8%B9%E0%B9%88%E0%B8%97%E0%B8%B5%E0%B9%8816,บจก.วีว่า พรีเมี่ยม เพ็ท สโตร์ (สำนักงานใหญ่),,,https://www.google.com/maps/search/?api=1&query=%E0%B8%9A%E0%B8%88%E0%B8%81.%E0%B8%A7%E0%B8%B5%E0%B8%A7%E0%B9%88%E0%B8%B2%20%E0%B8%9E%E0%B8%A3%E0%B8%B5%E0%B9%80%E0%B8%A1%E0%B8%B5%E0%B9%88%E0%B8%A2%E0%B8%A1%20%E0%B9%80%E0%B8%9E%E0%B9%87%E0%B8%97%20%E0%B8%AA%E0%B9%82%E0%B8%95%E0%B8%A3%E0%B9%8C%20%28%E0%B8%AA%E0%B8%B3%E0%B8%99%E0%B8%B1%E0%B8%81%E0%B8%87%E0%B8%B2%E0%B8%99%E0%B9%83%E0%B8%AB%E0%B8%8D%E0%B9%88%29%2099/88%E0%B8%AB%E0%B8%A1%E0%B8%B9%E0%B9%88%E0%B8%97%E0%B8%B5%E0%B9%8816,พิกัดต้นทาง + พิกัดปลายทาง
SKN,บจก.สิตา-ชา สาขาแยกเมืองปทุม,บจก.สิตา-ชา สาขาแยกเมืองปทุม,,,https://www.google.com/maps/search/?api=1&query=%E0%B8%9A%E0%B8%88%E0%B8%81.%E0%B8%AA%E0%B8%B4%E0%B8%95%E0%B8%B2-%E0%B8%8A%E0%B8%B2%20%E0%B8%AA%E0%B8%B2%E0%B8%82%E0%B8%B2%E0%B9%81%E0%B8%A2%E0%B8%81%E0%B9%80%E0%B8%A1%E0%B8%B7%E0%B8%AD%E0%B8%87%E0%B8%9B%E0%B8%97%E0%B8%B8%E0%B8%A1%2038%E0%B8%96.%E0%B8%9B%E0%B8%97%E0%B8%B8%E0%B8%A1%E0%B8%81%E0%B8%A3%E0%B8%B8%E0%B8%87%E0%B9%80%E0%B8%97%E0%B8%9E,บจก.สิตา-ชา สาขาแยกเมืองปทุม,,,https://www.google.com/maps/search/?api=1&query=%E0%B8%9A%E0%B8%88%E0%B8%81.%E0%B8%AA%E0%B8%B4%E0%B8%95%E0%B8%B2-%E0%B8%8A%E0%B8%B2%20%E0%B8%AA%E0%B8%B2%E0%B8%82%E0%B8%B2%E0%B9%81%E0%B8%A2%E0%B8%81%E0%B9%80%E0%B8%A1%E0%B8%B7%E0%B8%AD%E0%B8%87%E0%B8%9B%E0%B8%97%E0%B8%B8%E0%B8%A1%2038%E0%B8%96.%E0%B8%9B%E0%B8%97%E0%B8%B8%E0%B8%A1%E0%B8%81%E0%B8%A3%E0%B8%B8%E0%B8%87%E0%B9%80%E0%B8%97%E0%B8%9E,พิกัดต้นทาง + พิกัดปลายทาง
SKN,บจก.อาร์ ที พี ดอทคอม สาขาธัญบุรีคลองสอง,บจก.อาร์ ที พี ดอทคอม สาขาธัญบุรีคลองสอง,,,https://www.google.com/maps/search/?api=1&query=%E0%B8%9A%E0%B8%88%E0%B8%81.%E0%B8%AD%E0%B8%B2%E0%B8%A3%E0%B9%8C%20%E0%B8%97%E0%B8%B5%20%E0%B8%9E%E0%B8%B5%20%E0%B8%94%E0%B8%AD%E0%B8%97%E0%B8%84%E0%B8%AD%E0%B8%A1%20%E0%B8%AA%E0%B8%B2%E0%B8%82%E0%B8%B2%E0%B8%98%E0%B8%B1%E0%B8%8D%E0%B8%9A%E0%B8%B8%E0%B8%A3%E0%B8%B5%E0%B8%84%E0%B8%A5%E0%B8%AD%E0%B8%87%E0%B8%AA%E0%B8%AD%E0%B8%87%20%E0%B9%80%E0%B8%A5%E0%B8%82%E0%B8%97%E0%B8%B5%E0%B9%8815%E0%B8%96%E0%B8%99%E0%B8%99%E0%B8%A3%E0%B8%B1%E0%B8%87%E0%B8%AA%E0%B8%B4%E0%B8%95%E0%B8%99%E0%B8%84%E0%B8%A3%E0%B8%99%E0%B8%B2%E0%B8%A2%E0%B8%81,บจก.อาร์ ที พี ดอทคอม สาขาธัญบุรีคลองสอง,,,https://www.google.com/maps/search/?api=1&query=%E0%B8%9A%E0%B8%88%E0%B8%81.%E0%B8%AD%E0%B8%B2%E0%B8%A3%E0%B9%8C%20%E0%B8%97%E0%B8%B5%20%E0%B8%9E%E0%B8%B5%20%E0%B8%94%E0%B8%AD%E0%B8%97%E0%B8%84%E0%B8%AD%E0%B8%A1%20%E0%B8%AA%E0%B8%B2%E0%B8%82%E0%B8%B2%E0%B8%98%E0%B8%B1%E0%B8%8D%E0%B8%9A%E0%B8%B8%E0%B8%A3%E0%B8%B5%E0%B8%84%E0%B8%A5%E0%B8%AD%E0%B8%87%E0%B8%AA%E0%B8%AD%E0%B8%87%20%E0%B9%80%E0%B8%A5%E0%B8%82%E0%B8%97%E0%B8%B5%E0%B9%8815%E0%B8%96%E0%B8%99%E0%B8%99%E0%B8%A3%E0%B8%B1%E0%B8%87%E0%B8%AA%E0%B8%B4%E0%B8%95%E0%B8%99%E0%B8%84%E0%B8%A3%E0%B8%99%E0%B8%B2%E0%B8%A2%E0%B8%81,พิกัดต้นทาง + พิกัดปลายทาง
SKN,บจก.เอเชียไทย เทรดดิ้ง(2020),บจก.เอเชียไทย เทรดดิ้ง(2020),,,https://www.google.com/maps/search/?api=1&query=%E0%B8%9A%E0%B8%88%E0%B8%81.%E0%B9%80%E0%B8%AD%E0%B9%80%E0%B8%8A%E0%B8%B5%E0%B8%A2%E0%B9%84%E0%B8%97%E0%B8%A2%20%E0%B9%80%E0%B8%97%E0%B8%A3%E0%B8%94%E0%B8%94%E0%B8%B4%E0%B9%89%E0%B8%87%282020%29%2050/1852%E0%B8%A1.5,บจก.เอเชียไทย เทรดดิ้ง(2020),,,https://www.google.com/maps/search/?api=1&query=%E0%B8%9A%E0%B8%88%E0%B8%81.%E0%B9%80%E0%B8%AD%E0%B9%80%E0%B8%8A%E0%B8%B5%E0%B8%A2%E0%B9%84%E0%B8%97%E0%B8%A2%20%E0%B9%80%E0%B8%97%E0%B8%A3%E0%B8%94%E0%B8%94%E0%B8%B4%E0%B9%89%E0%B8%87%282020%29%2050/1852%E0%B8%A1.5,พิกัดต้นทาง + พิกัดปลายทาง
SKN,บจก.แอนนิมอล เฮ้าส์ 789 สาขามาบเตย,บจก.แอนนิมอล เฮ้าส์ 789 สาขามาบเตย,,,https://www.google.com/maps/search/?api=1&query=%E0%B8%9A%E0%B8%88%E0%B8%81.%E0%B9%81%E0%B8%AD%E0%B8%99%E0%B8%99%E0%B8%B4%E0%B8%A1%E0%B8%AD%E0%B8%A5%20%E0%B9%80%E0%B8%AE%E0%B9%89%E0%B8%B2%E0%B8%AA%E0%B9%8C%20789%20%E0%B8%AA%E0%B8%B2%E0%B8%82%E0%B8%B2%E0%B8%A1%E0%B8%B2%E0%B8%9A%E0%B9%80%E0%B8%95%E0%B8%A2%20529%E0%B8%AB%E0%B8%A1%E0%B8%B9%E0%B9%88%E0%B8%97%E0%B8%B5%E0%B9%881,บจก.แอนนิมอล เฮ้าส์ 789 สาขามาบเตย,,,https://www.google.com/maps/search/?api=1&query=%E0%B8%9A%E0%B8%88%E0%B8%81.%E0%B9%81%E0%B8%AD%E0%B8%99%E0%B8%99%E0%B8%B4%E0%B8%A1%E0%B8%AD%E0%B8%A5%20%E0%B9%80%E0%B8%AE%E0%B9%89%E0%B8%B2%E0%B8%AA%E0%B9%8C%20789%20%E0%B8%AA%E0%B8%B2%E0%B8%82%E0%B8%B2%E0%B8%A1%E0%B8%B2%E0%B8%9A%E0%B9%80%E0%B8%95%E0%B8%A2%20529%E0%B8%AB%E0%B8%A1%E0%B8%B9%E0%B9%88%E0%B8%97%E0%B8%B5%E0%B9%881,พิกัดต้นทาง + พิกัดปลายทาง
SKN,บจก.แอลเอดี อิมพอร์ต เอ็กซ์พอร์ต,บจก.แอลเอดี อิมพอร์ต เอ็กซ์พอร์ต,,,https://www.google.com/maps/search/?api=1&query=%E0%B8%9A%E0%B8%88%E0%B8%81.%E0%B9%81%E0%B8%AD%E0%B8%A5%E0%B9%80%E0%B8%AD%E0%B8%94%E0%B8%B5%20%E0%B8%AD%E0%B8%B4%E0%B8%A1%E0%B8%9E%E0%B8%AD%E0%B8%A3%E0%B9%8C%E0%B8%95%20%E0%B9%80%E0%B8%AD%E0%B9%87%E0%B8%81%E0%B8%8B%E0%B9%8C%E0%B8%9E%E0%B8%AD%E0%B8%A3%E0%B9%8C%E0%B8%95%20%E0%B9%80%E0%B8%A5%E0%B8%82%E0%B8%97%E0%B8%B5%E0%B9%88148/35%E0%B8%AB%E0%B8%A1%E0%B8%B9%E0%B9%88%E0%B8%97%E0%B8%B5%E0%B9%881,บจก.แอลเอดี อิมพอร์ต เอ็กซ์พอร์ต,,,https://www.google.com/maps/search/?api=1&query=%E0%B8%9A%E0%B8%88%E0%B8%81.%E0%B9%81%E0%B8%AD%E0%B8%A5%E0%B9%80%E0%B8%AD%E0%B8%94%E0%B8%B5%20%E0%B8%AD%E0%B8%B4%E0%B8%A1%E0%B8%9E%E0%B8%AD%E0%B8%A3%E0%B9%8C%E0%B8%95%20%E0%B9%80%E0%B8%AD%E0%B9%87%E0%B8%81%E0%B8%8B%E0%B9%8C%E0%B8%9E%E0%B8%AD%E0%B8%A3%E0%B9%8C%E0%B8%95%20%E0%B9%80%E0%B8%A5%E0%B8%82%E0%B8%97%E0%B8%B5%E0%B9%88148/35%E0%B8%AB%E0%B8%A1%E0%B8%B9%E0%B9%88%E0%B8%97%E0%B8%B5%E0%B9%881,พิกัดต้นทาง + พิกัดปลายทาง
SKN,บจก.โอกะเนะ กรุ๊ป 789 สาขา ชัยพฤกษ์,บจก.โอกะเนะ กรุ๊ป 789 สาขา ชัยพฤกษ์,,,https://www.google.com/maps/search/?api=1&query=%E0%B8%9A%E0%B8%88%E0%B8%81.%E0%B9%82%E0%B8%AD%E0%B8%81%E0%B8%B0%E0%B9%80%E0%B8%99%E0%B8%B0%20%E0%B8%81%E0%B8%A3%E0%B8%B8%E0%B9%8A%E0%B8%9B%20789%20%E0%B8%AA%E0%B8%B2%E0%B8%82%E0%B8%B2%20%E0%B8%8A%E0%B8%B1%E0%B8%A2%E0%B8%9E%E0%B8%A4%E0%B8%81%E0%B8%A9%E0%B9%8C%2090/1%E0%B8%96.%E0%B8%8A%E0%B8%B1%E0%B8%A2%E0%B8%9E%E0%B8%A4%E0%B8%81%E0%B8%A9%E0%B9%8C,บจก.โอกะเนะ กรุ๊ป 789 สาขา ชัยพฤกษ์,,,https://www.google.com/maps/search/?api=1&query=%E0%B8%9A%E0%B8%88%E0%B8%81.%E0%B9%82%E0%B8%AD%E0%B8%81%E0%B8%B0%E0%B9%80%E0%B8%99%E0%B8%B0%20%E0%B8%81%E0%B8%A3%E0%B8%B8%E0%B9%8A%E0%B8%9B%20789%20%E0%B8%AA%E0%B8%B2%E0%B8%82%E0%B8%B2%20%E0%B8%8A%E0%B8%B1%E0%B8%A2%E0%B8%9E%E0%B8%A4%E0%B8%81%E0%B8%A9%E0%B9%8C%2090/1%E0%B8%96.%E0%B8%8A%E0%B8%B1%E0%B8%A2%E0%B8%9E%E0%B8%A4%E0%B8%81%E0%B8%A9%E0%B9%8C,พิกัดต้นทาง + พิกัดปลายทาง
SKN,บจก.โอกะเนะ กรุ๊ป 789 สาขา บางบัวทอง,บจก.โอกะเนะ กรุ๊ป 789 สาขา บางบัวทอง,,,https://www.google.com/maps/search/?api=1&query=%E0%B8%9A%E0%B8%88%E0%B8%81.%E0%B9%82%E0%B8%AD%E0%B8%81%E0%B8%B0%E0%B9%80%E0%B8%99%E0%B8%B0%20%E0%B8%81%E0%B8%A3%E0%B8%B8%E0%B9%8A%E0%B8%9B%20789%20%E0%B8%AA%E0%B8%B2%E0%B8%82%E0%B8%B2%20%E0%B8%9A%E0%B8%B2%E0%B8%87%E0%B8%9A%E0%B8%B1%E0%B8%A7%E0%B8%97%E0%B8%AD%E0%B8%87%2065/8%E0%B8%A1.2,บจก.โอกะเนะ กรุ๊ป 789 สาขา บางบัวทอง,,,https://www.google.com/maps/search/?api=1&query=%E0%B8%9A%E0%B8%88%E0%B8%81.%E0%B9%82%E0%B8%AD%E0%B8%81%E0%B8%B0%E0%B9%80%E0%B8%99%E0%B8%B0%20%E0%B8%81%E0%B8%A3%E0%B8%B8%E0%B9%8A%E0%B8%9B%20789%20%E0%B8%AA%E0%B8%B2%E0%B8%82%E0%B8%B2%20%E0%B8%9A%E0%B8%B2%E0%B8%87%E0%B8%9A%E0%B8%B1%E0%B8%A7%E0%B8%97%E0%B8%AD%E0%B8%87%2065/8%E0%B8%A1.2,พิกัดต้นทาง + พิกัดปลายทาง
SKN,บจก.โอกะเนะ กรุ๊ป 789 สาขา ราชพฤกษ์,บจก.โอกะเนะ กรุ๊ป 789 สาขา ราชพฤกษ์,,,https://www.google.com/maps/search/?api=1&query=%E0%B8%9A%E0%B8%88%E0%B8%81.%E0%B9%82%E0%B8%AD%E0%B8%81%E0%B8%B0%E0%B9%80%E0%B8%99%E0%B8%B0%20%E0%B8%81%E0%B8%A3%E0%B8%B8%E0%B9%8A%E0%B8%9B%20789%20%E0%B8%AA%E0%B8%B2%E0%B8%82%E0%B8%B2%20%E0%B8%A3%E0%B8%B2%E0%B8%8A%E0%B8%9E%E0%B8%A4%E0%B8%81%E0%B8%A9%E0%B9%8C%20%E0%B9%80%E0%B8%A5%E0%B8%82%E0%B8%97%E0%B8%B5%E0%B9%8855/58%E0%B8%96%E0%B8%99%E0%B8%99%E0%B8%A3%E0%B8%B2%E0%B8%8A%E0%B8%9E%E0%B8%A4%E0%B8%81%E0%B8%A9%E0%B9%8C,บจก.โอกะเนะ กรุ๊ป 789 สาขา ราชพฤกษ์,,,https://www.google.com/maps/search/?api=1&query=%E0%B8%9A%E0%B8%88%E0%B8%81.%E0%B9%82%E0%B8%AD%E0%B8%81%E0%B8%B0%E0%B9%80%E0%B8%99%E0%B8%B0%20%E0%B8%81%E0%B8%A3%E0%B8%B8%E0%B9%8A%E0%B8%9B%20789%20%E0%B8%AA%E0%B8%B2%E0%B8%82%E0%B8%B2%20%E0%B8%A3%E0%B8%B2%E0%B8%8A%E0%B8%9E%E0%B8%A4%E0%B8%81%E0%B8%A9%E0%B9%8C%20%E0%B9%80%E0%B8%A5%E0%B8%82%E0%B8%97%E0%B8%B5%E0%B9%8855/58%E0%B8%96%E0%B8%99%E0%B8%99%E0%B8%A3%E0%B8%B2%E0%B8%8A%E0%B8%9E%E0%B8%A4%E0%B8%81%E0%B8%A9%E0%B9%8C,พิกัดต้นทาง + พิกัดปลายทาง
SKN,บจก.โอกะเนะ กรุ๊ป สาขา สะพานเจษฎาบดินทร์,บจก.โอกะเนะ กรุ๊ป สาขา สะพานเจษฎาบดินทร์,,,https://www.google.com/maps/search/?api=1&query=%E0%B8%9A%E0%B8%88%E0%B8%81.%E0%B9%82%E0%B8%AD%E0%B8%81%E0%B8%B0%E0%B9%80%E0%B8%99%E0%B8%B0%20%E0%B8%81%E0%B8%A3%E0%B8%B8%E0%B9%8A%E0%B8%9B%20%E0%B8%AA%E0%B8%B2%E0%B8%82%E0%B8%B2%20%E0%B8%AA%E0%B8%B0%E0%B8%9E%E0%B8%B2%E0%B8%99%E0%B9%80%E0%B8%88%E0%B8%A9%E0%B8%8E%E0%B8%B2%E0%B8%9A%E0%B8%94%E0%B8%B4%E0%B8%99%E0%B8%97%E0%B8%A3%E0%B9%8C%205050,บจก.โอกะเนะ กรุ๊ป สาขา สะพานเจษฎาบดินทร์,,,https://www.google.com/maps/search/?api=1&query=%E0%B8%9A%E0%B8%88%E0%B8%81.%E0%B9%82%E0%B8%AD%E0%B8%81%E0%B8%B0%E0%B9%80%E0%B8%99%E0%B8%B0%20%E0%B8%81%E0%B8%A3%E0%B8%B8%E0%B9%8A%E0%B8%9B%20%E0%B8%AA%E0%B8%B2%E0%B8%82%E0%B8%B2%20%E0%B8%AA%E0%B8%B0%E0%B8%9E%E0%B8%B2%E0%B8%99%E0%B9%80%E0%B8%88%E0%B8%A9%E0%B8%8E%E0%B8%B2%E0%B8%9A%E0%B8%94%E0%B8%B4%E0%B8%99%E0%B8%97%E0%B8%A3%E0%B9%8C%205050,พิกัดต้นทาง + พิกัดปลายทาง
SKN,บจก.โอนิ เพ็ทช็อป สาขา บึงคำพร้อย,บจก.โอนิ เพ็ทช็อป สาขา บึงคำพร้อย,,,https://www.google.com/maps/search/?api=1&query=%E0%B8%9A%E0%B8%88%E0%B8%81.%E0%B9%82%E0%B8%AD%E0%B8%99%E0%B8%B4%20%E0%B9%80%E0%B8%9E%E0%B9%87%E0%B8%97%E0%B8%8A%E0%B9%87%E0%B8%AD%E0%B8%9B%20%E0%B8%AA%E0%B8%B2%E0%B8%82%E0%B8%B2%20%E0%B8%9A%E0%B8%B6%E0%B8%87%E0%B8%84%E0%B8%B3%E0%B8%9E%E0%B8%A3%E0%B9%89%E0%B8%AD%E0%B8%A2%2031/71%E0%B8%AB%E0%B8%A1%E0%B8%B9%E0%B9%8817%E0%B8%AB%E0%B8%A1%E0%B8%B9%E0%B9%88%E0%B8%9A%E0%B9%89%E0%B8%B2%E0%B8%99%E0%B8%9E%E0%B8%A4%E0%B8%81%E0%B8%A9%E0%B8%B2%E0%B8%A7%E0%B8%B4%E0%B8%A5%E0%B9%80%E0%B8%A5%E0%B8%88,บจก.โอนิ เพ็ทช็อป สาขา บึงคำพร้อย,,,https://www.google.com/maps/search/?api=1&query=%E0%B8%9A%E0%B8%88%E0%B8%81.%E0%B9%82%E0%B8%AD%E0%B8%99%E0%B8%B4%20%E0%B9%80%E0%B8%9E%E0%B9%87%E0%B8%97%E0%B8%8A%E0%B9%87%E0%B8%AD%E0%B8%9B%20%E0%B8%AA%E0%B8%B2%E0%B8%82%E0%B8%B2%20%E0%B8%9A%E0%B8%B6%E0%B8%87%E0%B8%84%E0%B8%B3%E0%B8%9E%E0%B8%A3%E0%B9%89%E0%B8%AD%E0%B8%A2%2031/71%E0%B8%AB%E0%B8%A1%E0%B8%B9%E0%B9%8817%E0%B8%AB%E0%B8%A1%E0%B8%B9%E0%B9%88%E0%B8%9A%E0%B9%89%E0%B8%B2%E0%B8%99%E0%B8%9E%E0%B8%A4%E0%B8%81%E0%B8%A9%E0%B8%B2%E0%B8%A7%E0%B8%B4%E0%B8%A5%E0%B9%80%E0%B8%A5%E0%B8%88,พิกัดต้นทาง + พิกัดปลายทาง
SKN,บจก.โฮม โปรดักส์ เซ็นเตอร์ สาขาบางบัวทอง,บจก.โฮม โปรดักส์ เซ็นเตอร์ สาขาบางบัวทอง,,,https://www.google.com/maps/search/?api=1&query=%E0%B8%9A%E0%B8%88%E0%B8%81.%E0%B9%82%E0%B8%AE%E0%B8%A1%20%E0%B9%82%E0%B8%9B%E0%B8%A3%E0%B8%94%E0%B8%B1%E0%B8%81%E0%B8%AA%E0%B9%8C%20%E0%B9%80%E0%B8%8B%E0%B9%87%E0%B8%99%E0%B9%80%E0%B8%95%E0%B8%AD%E0%B8%A3%E0%B9%8C%20%E0%B8%AA%E0%B8%B2%E0%B8%82%E0%B8%B2%E0%B8%9A%E0%B8%B2%E0%B8%87%E0%B8%9A%E0%B8%B1%E0%B8%A7%E0%B8%97%E0%B8%AD%E0%B8%87%20%E0%B9%80%E0%B8%A5%E0%B8%82%E0%B8%97%E0%B8%B5%E0%B9%88125%E0%B8%A1.6,บจก.โฮม โปรดักส์ เซ็นเตอร์ สาขาบางบัวทอง,,,https://www.google.com/maps/search/?api=1&query=%E0%B8%9A%E0%B8%88%E0%B8%81.%E0%B9%82%E0%B8%AE%E0%B8%A1%20%E0%B9%82%E0%B8%9B%E0%B8%A3%E0%B8%94%E0%B8%B1%E0%B8%81%E0%B8%AA%E0%B9%8C%20%E0%B9%80%E0%B8%8B%E0%B9%87%E0%B8%99%E0%B9%80%E0%B8%95%E0%B8%AD%E0%B8%A3%E0%B9%8C%20%E0%B8%AA%E0%B8%B2%E0%B8%82%E0%B8%B2%E0%B8%9A%E0%B8%B2%E0%B8%87%E0%B8%9A%E0%B8%B1%E0%B8%A7%E0%B8%97%E0%B8%AD%E0%B8%87%20%E0%B9%80%E0%B8%A5%E0%B8%82%E0%B8%97%E0%B8%B5%E0%B9%88125%E0%B8%A1.6,พิกัดต้นทาง + พิกัดปลายทาง
SKN,บจก.โฮม โปรดักส์ เซ็นเตอร์ สาขาภูเก็ต (ฉลอง),บจก.โฮม โปรดักส์ เซ็นเตอร์ สาขาภูเก็ต (ฉลอง),,,https://www.google.com/maps/search/?api=1&query=%E0%B8%9A%E0%B8%88%E0%B8%81.%E0%B9%82%E0%B8%AE%E0%B8%A1%20%E0%B9%82%E0%B8%9B%E0%B8%A3%E0%B8%94%E0%B8%B1%E0%B8%81%E0%B8%AA%E0%B9%8C%20%E0%B9%80%E0%B8%8B%E0%B9%87%E0%B8%99%E0%B9%80%E0%B8%95%E0%B8%AD%E0%B8%A3%E0%B9%8C%20%E0%B8%AA%E0%B8%B2%E0%B8%82%E0%B8%B2%E0%B8%A0%E0%B8%B9%E0%B9%80%E0%B8%81%E0%B9%87%E0%B8%95%20%28%E0%B8%89%E0%B8%A5%E0%B8%AD%E0%B8%87%29%20%E0%B9%80%E0%B8%A5%E0%B8%82%E0%B8%97%E0%B8%B5%E0%B9%8861/10%E0%B8%AB%E0%B8%A1%E0%B8%B9%E0%B9%88%E0%B8%97%E0%B8%B5%E0%B9%8810,บจก.โฮม โปรดักส์ เซ็นเตอร์ สาขาภูเก็ต (ฉลอง),,,https://www.google.com/maps/search/?api=1&query=%E0%B8%9A%E0%B8%88%E0%B8%81.%E0%B9%82%E0%B8%AE%E0%B8%A1%20%E0%B9%82%E0%B8%9B%E0%B8%A3%E0%B8%94%E0%B8%B1%E0%B8%81%E0%B8%AA%E0%B9%8C%20%E0%B9%80%E0%B8%8B%E0%B9%87%E0%B8%99%E0%B9%80%E0%B8%95%E0%B8%AD%E0%B8%A3%E0%B9%8C%20%E0%B8%AA%E0%B8%B2%E0%B8%82%E0%B8%B2%E0%B8%A0%E0%B8%B9%E0%B9%80%E0%B8%81%E0%B9%87%E0%B8%95%20%28%E0%B8%89%E0%B8%A5%E0%B8%AD%E0%B8%87%29%20%E0%B9%80%E0%B8%A5%E0%B8%82%E0%B8%97%E0%B8%B5%E0%B9%8861/10%E0%B8%AB%E0%B8%A1%E0%B8%B9%E0%B9%88%E0%B8%97%E0%B8%B5%E0%B9%8810,พิกัดต้นทาง + พิกัดปลายทาง
SKN,บราวนี่ เพ็ทมาร์ท สาขาเอสโซ่คลองขุด 8,บราวนี่ เพ็ทมาร์ท สาขาเอสโซ่คลองขุด 8,,,https://www.google.com/maps/search/?api=1&query=%E0%B8%9A%E0%B8%A3%E0%B8%B2%E0%B8%A7%E0%B8%99%E0%B8%B5%E0%B9%88%20%E0%B9%80%E0%B8%9E%E0%B9%87%E0%B8%97%E0%B8%A1%E0%B8%B2%E0%B8%A3%E0%B9%8C%E0%B8%97%20%E0%B8%AA%E0%B8%B2%E0%B8%82%E0%B8%B2%E0%B9%80%E0%B8%AD%E0%B8%AA%E0%B9%82%E0%B8%8B%E0%B9%88%E0%B8%84%E0%B8%A5%E0%B8%AD%E0%B8%87%E0%B8%82%E0%B8%B8%E0%B8%94%208%20689/1%E0%B8%AB%E0%B8%A1%E0%B8%B9%E0%B9%88%E0%B8%97%E0%B8%B5%E0%B9%882,บราวนี่ เพ็ทมาร์ท สาขาเอสโซ่คลองขุด 8,,,https://www.google.com/maps/search/?api=1&query=%E0%B8%9A%E0%B8%A3%E0%B8%B2%E0%B8%A7%E0%B8%99%E0%B8%B5%E0%B9%88%20%E0%B9%80%E0%B8%9E%E0%B9%87%E0%B8%97%E0%B8%A1%E0%B8%B2%E0%B8%A3%E0%B9%8C%E0%B8%97%20%E0%B8%AA%E0%B8%B2%E0%B8%82%E0%B8%B2%E0%B9%80%E0%B8%AD%E0%B8%AA%E0%B9%82%E0%B8%8B%E0%B9%88%E0%B8%84%E0%B8%A5%E0%B8%AD%E0%B8%87%E0%B8%82%E0%B8%B8%E0%B8%94%208%20689/1%E0%B8%AB%E0%B8%A1%E0%B8%B9%E0%B9%88%E0%B8%97%E0%B8%B5%E0%B9%882,พิกัดต้นทาง + พิกัดปลายทาง
SKN,บราวนี่เพ็ทมาร์ท สาขา ม.ราม2,บราวนี่เพ็ทมาร์ท สาขา ม.ราม2,,,https://www.google.com/maps/search/?api=1&query=%E0%B8%9A%E0%B8%A3%E0%B8%B2%E0%B8%A7%E0%B8%99%E0%B8%B5%E0%B9%88%E0%B9%80%E0%B8%9E%E0%B9%87%E0%B8%97%E0%B8%A1%E0%B8%B2%E0%B8%A3%E0%B9%8C%E0%B8%97%20%E0%B8%AA%E0%B8%B2%E0%B8%82%E0%B8%B2%20%E0%B8%A1.%E0%B8%A3%E0%B8%B2%E0%B8%A12%2042/16-17%E0%B8%A1.14%E0%B8%8B.%E0%B8%88%E0%B8%A3%E0%B8%A3%E0%B8%A2%E0%B8%B2%E0%B8%9A%E0%B8%A3%E0%B8%A3%E0%B8%93%E0%B8%96.%E0%B8%9A%E0%B8%B2%E0%B8%87%E0%B8%99%E0%B8%B2-%E0%B8%95%E0%B8%A3%E0%B8%B2%E0%B8%94,บราวนี่เพ็ทมาร์ท สาขา ม.ราม2,,,https://www.google.com/maps/search/?api=1&query=%E0%B8%9A%E0%B8%A3%E0%B8%B2%E0%B8%A7%E0%B8%99%E0%B8%B5%E0%B9%88%E0%B9%80%E0%B8%9E%E0%B9%87%E0%B8%97%E0%B8%A1%E0%B8%B2%E0%B8%A3%E0%B9%8C%E0%B8%97%20%E0%B8%AA%E0%B8%B2%E0%B8%82%E0%B8%B2%20%E0%B8%A1.%E0%B8%A3%E0%B8%B2%E0%B8%A12%2042/16-17%E0%B8%A1.14%E0%B8%8B.%E0%B8%88%E0%B8%A3%E0%B8%A3%E0%B8%A2%E0%B8%B2%E0%B8%9A%E0%B8%A3%E0%B8%A3%E0%B8%93%E0%B8%96.%E0%B8%9A%E0%B8%B2%E0%B8%87%E0%B8%99%E0%B8%B2-%E0%B8%95%E0%B8%A3%E0%B8%B2%E0%B8%94,พิกัดต้นทาง + พิกัดปลายทาง
SKN,บริบูรณ์เพ็ทช็อป,บริบูรณ์เพ็ทช็อป,,,https://www.google.com/maps/search/?api=1&query=%E0%B8%9A%E0%B8%A3%E0%B8%B4%E0%B8%9A%E0%B8%B9%E0%B8%A3%E0%B8%93%E0%B9%8C%E0%B9%80%E0%B8%9E%E0%B9%87%E0%B8%97%E0%B8%8A%E0%B9%87%E0%B8%AD%E0%B8%9B%20%E0%B9%80%E0%B8%A5%E0%B8%82%E0%B8%97%E0%B8%B5%E0%B9%88228,บริบูรณ์เพ็ทช็อป,,,https://www.google.com/maps/search/?api=1&query=%E0%B8%9A%E0%B8%A3%E0%B8%B4%E0%B8%9A%E0%B8%B9%E0%B8%A3%E0%B8%93%E0%B9%8C%E0%B9%80%E0%B8%9E%E0%B9%87%E0%B8%97%E0%B8%8A%E0%B9%87%E0%B8%AD%E0%B8%9B%20%E0%B9%80%E0%B8%A5%E0%B8%82%E0%B8%97%E0%B8%B5%E0%B9%88228,พิกัดต้นทาง + พิกัดปลายทาง
SKN,บริษัท 1688 เพ็ทช็อป สมุทรปราการ จำกัด,บริษัท 1688 เพ็ทช็อป สมุทรปราการ จำกัด,,,https://www.google.com/maps/search/?api=1&query=%E0%B8%9A%E0%B8%A3%E0%B8%B4%E0%B8%A9%E0%B8%B1%E0%B8%97%201688%20%E0%B9%80%E0%B8%9E%E0%B9%87%E0%B8%97%E0%B8%8A%E0%B9%87%E0%B8%AD%E0%B8%9B%20%E0%B8%AA%E0%B8%A1%E0%B8%B8%E0%B8%97%E0%B8%A3%E0%B8%9B%E0%B8%A3%E0%B8%B2%E0%B8%81%E0%B8%B2%E0%B8%A3%20%E0%B8%88%E0%B8%B3%E0%B8%81%E0%B8%B1%E0%B8%94%20%E0%B9%80%E0%B8%A5%E0%B8%82%E0%B8%97%E0%B8%B5%E0%B9%88289/33%E0%B8%AB%E0%B8%A1%E0%B8%B9%E0%B9%88%E0%B8%97%E0%B8%B5%E0%B9%882,บริษัท 1688 เพ็ทช็อป สมุทรปราการ จำกัด,,,https://www.google.com/maps/search/?api=1&query=%E0%B8%9A%E0%B8%A3%E0%B8%B4%E0%B8%A9%E0%B8%B1%E0%B8%97%201688%20%E0%B9%80%E0%B8%9E%E0%B9%87%E0%B8%97%E0%B8%8A%E0%B9%87%E0%B8%AD%E0%B8%9B%20%E0%B8%AA%E0%B8%A1%E0%B8%B8%E0%B8%97%E0%B8%A3%E0%B8%9B%E0%B8%A3%E0%B8%B2%E0%B8%81%E0%B8%B2%E0%B8%A3%20%E0%B8%88%E0%B8%B3%E0%B8%81%E0%B8%B1%E0%B8%94%20%E0%B9%80%E0%B8%A5%E0%B8%82%E0%B8%97%E0%B8%B5%E0%B9%88289/33%E0%B8%AB%E0%B8%A1%E0%B8%B9%E0%B9%88%E0%B8%97%E0%B8%B5%E0%B9%882,พิกัดต้นทาง + พิกัดปลายทาง
SKN,บริษัท กรีน เพ็ทส์ ช็อป จำกัด,บริษัท กรีน เพ็ทส์ ช็อป จำกัด,,,https://www.google.com/maps/search/?api=1&query=%E0%B8%9A%E0%B8%A3%E0%B8%B4%E0%B8%A9%E0%B8%B1%E0%B8%97%20%E0%B8%81%E0%B8%A3%E0%B8%B5%E0%B8%99%20%E0%B9%80%E0%B8%9E%E0%B9%87%E0%B8%97%E0%B8%AA%E0%B9%8C%20%E0%B8%8A%E0%B9%87%E0%B8%AD%E0%B8%9B%20%E0%B8%88%E0%B8%B3%E0%B8%81%E0%B8%B1%E0%B8%94%20%E0%B9%80%E0%B8%A5%E0%B8%82%E0%B8%97%E0%B8%B5%E0%B9%8819/95%E0%B8%AB%E0%B8%A1%E0%B8%B9%E0%B9%88%E0%B8%97%E0%B8%B5%E0%B9%887,บริษัท กรีน เพ็ทส์ ช็อป จำกัด,,,https://www.google.com/maps/search/?api=1&query=%E0%B8%9A%E0%B8%A3%E0%B8%B4%E0%B8%A9%E0%B8%B1%E0%B8%97%20%E0%B8%81%E0%B8%A3%E0%B8%B5%E0%B8%99%20%E0%B9%80%E0%B8%9E%E0%B9%87%E0%B8%97%E0%B8%AA%E0%B9%8C%20%E0%B8%8A%E0%B9%87%E0%B8%AD%E0%B8%9B%20%E0%B8%88%E0%B8%B3%E0%B8%81%E0%B8%B1%E0%B8%94%20%E0%B9%80%E0%B8%A5%E0%B8%82%E0%B8%97%E0%B8%B5%E0%B9%8819/95%E0%B8%AB%E0%B8%A1%E0%B8%B9%E0%B9%88%E0%B8%97%E0%B8%B5%E0%B9%887,พิกัดต้นทาง + พิกัดปลายทาง
SKN,บริษัท กิตติศักดิ์ เพ็ทมาร์ท จำกัด,บริษัท กิตติศักดิ์ เพ็ทมาร์ท จำกัด,,,https://www.google.com/maps/search/?api=1&query=%E0%B8%9A%E0%B8%A3%E0%B8%B4%E0%B8%A9%E0%B8%B1%E0%B8%97%20%E0%B8%81%E0%B8%B4%E0%B8%95%E0%B8%95%E0%B8%B4%E0%B8%A8%E0%B8%B1%E0%B8%81%E0%B8%94%E0%B8%B4%E0%B9%8C%20%E0%B9%80%E0%B8%9E%E0%B9%87%E0%B8%97%E0%B8%A1%E0%B8%B2%E0%B8%A3%E0%B9%8C%E0%B8%97%20%E0%B8%88%E0%B8%B3%E0%B8%81%E0%B8%B1%E0%B8%94%207%2C1,บริษัท กิตติศักดิ์ เพ็ทมาร์ท จำกัด,,,https://www.google.com/maps/search/?api=1&query=%E0%B8%9A%E0%B8%A3%E0%B8%B4%E0%B8%A9%E0%B8%B1%E0%B8%97%20%E0%B8%81%E0%B8%B4%E0%B8%95%E0%B8%95%E0%B8%B4%E0%B8%A8%E0%B8%B1%E0%B8%81%E0%B8%94%E0%B8%B4%E0%B9%8C%20%E0%B9%80%E0%B8%9E%E0%B9%87%E0%B8%97%E0%B8%A1%E0%B8%B2%E0%B8%A3%E0%B9%8C%E0%B8%97%20%E0%B8%88%E0%B8%B3%E0%B8%81%E0%B8%B1%E0%B8%94%207%2C1,พิกัดต้นทาง + พิกัดปลายทาง
SKN,บริษัท ด็อกกี้ ฮาร์ท จำกัด,บริษัท ด็อกกี้ ฮาร์ท จำกัด,,,https://www.google.com/maps/search/?api=1&query=%E0%B8%9A%E0%B8%A3%E0%B8%B4%E0%B8%A9%E0%B8%B1%E0%B8%97%20%E0%B8%94%E0%B9%87%E0%B8%AD%E0%B8%81%E0%B8%81%E0%B8%B5%E0%B9%89%20%E0%B8%AE%E0%B8%B2%E0%B8%A3%E0%B9%8C%E0%B8%97%20%E0%B8%88%E0%B8%B3%E0%B8%81%E0%B8%B1%E0%B8%94%2055/15,บริษัท ด็อกกี้ ฮาร์ท จำกัด,,,https://www.google.com/maps/search/?api=1&query=%E0%B8%9A%E0%B8%A3%E0%B8%B4%E0%B8%A9%E0%B8%B1%E0%B8%97%20%E0%B8%94%E0%B9%87%E0%B8%AD%E0%B8%81%E0%B8%81%E0%B8%B5%E0%B9%89%20%E0%B8%AE%E0%B8%B2%E0%B8%A3%E0%B9%8C%E0%B8%97%20%E0%B8%88%E0%B8%B3%E0%B8%81%E0%B8%B1%E0%B8%94%2055/15,พิกัดต้นทาง + พิกัดปลายทาง
SKN,บริษัท เดอะ คอมมอน เพ็ทส์ จำกัด,บริษัท เดอะ คอมมอน เพ็ทส์ จำกัด,,,https://www.google.com/maps/search/?api=1&query=%E0%B8%9A%E0%B8%A3%E0%B8%B4%E0%B8%A9%E0%B8%B1%E0%B8%97%20%E0%B9%80%E0%B8%94%E0%B8%AD%E0%B8%B0%20%E0%B8%84%E0%B8%AD%E0%B8%A1%E0%B8%A1%E0%B8%AD%E0%B8%99%20%E0%B9%80%E0%B8%9E%E0%B9%87%E0%B8%97%E0%B8%AA%E0%B9%8C%20%E0%B8%88%E0%B8%B3%E0%B8%81%E0%B8%B1%E0%B8%94%2025/141%E0%B8%A1.2,บริษัท เดอะ คอมมอน เพ็ทส์ จำกัด,,,https://www.google.com/maps/search/?api=1&query=%E0%B8%9A%E0%B8%A3%E0%B8%B4%E0%B8%A9%E0%B8%B1%E0%B8%97%20%E0%B9%80%E0%B8%94%E0%B8%AD%E0%B8%B0%20%E0%B8%84%E0%B8%AD%E0%B8%A1%E0%B8%A1%E0%B8%AD%E0%B8%99%20%E0%B9%80%E0%B8%9E%E0%B9%87%E0%B8%97%E0%B8%AA%E0%B9%8C%20%E0%B8%88%E0%B8%B3%E0%B8%81%E0%B8%B1%E0%B8%94%2025/141%E0%B8%A1.2,พิกัดต้นทาง + พิกัดปลายทาง
SKN,บริษัท เดอะ เพ็ท ไอ แอม จำกัด,บริษัท เดอะ เพ็ท ไอ แอม จำกัด,,,https://www.google.com/maps/search/?api=1&query=%E0%B8%9A%E0%B8%A3%E0%B8%B4%E0%B8%A9%E0%B8%B1%E0%B8%97%20%E0%B9%80%E0%B8%94%E0%B8%AD%E0%B8%B0%20%E0%B9%80%E0%B8%9E%E0%B9%87%E0%B8%97%20%E0%B9%84%E0%B8%AD%20%E0%B9%81%E0%B8%AD%E0%B8%A1%20%E0%B8%88%E0%B8%B3%E0%B8%81%E0%B8%B1%E0%B8%94%20%E0%B9%80%E0%B8%A5%E0%B8%82%E0%B8%97%E0%B8%B5%E0%B9%8855/2-3,บริษัท เดอะ เพ็ท ไอ แอม จำกัด,,,https://www.google.com/maps/search/?api=1&query=%E0%B8%9A%E0%B8%A3%E0%B8%B4%E0%B8%A9%E0%B8%B1%E0%B8%97%20%E0%B9%80%E0%B8%94%E0%B8%AD%E0%B8%B0%20%E0%B9%80%E0%B8%9E%E0%B9%87%E0%B8%97%20%E0%B9%84%E0%B8%AD%20%E0%B9%81%E0%B8%AD%E0%B8%A1%20%E0%B8%88%E0%B8%B3%E0%B8%81%E0%B8%B1%E0%B8%94%20%E0%B9%80%E0%B8%A5%E0%B8%82%E0%B8%97%E0%B8%B5%E0%B9%8855/2-3,พิกัดต้นทาง + พิกัดปลายทาง
SKN,บริษัท บราวนี่ 168 กรุ๊ป จำกัด(สาขา 1),บริษัท บราวนี่ 168 กรุ๊ป จำกัด(สาขา 1),,,https://www.google.com/maps/search/?api=1&query=%E0%B8%9A%E0%B8%A3%E0%B8%B4%E0%B8%A9%E0%B8%B1%E0%B8%97%20%E0%B8%9A%E0%B8%A3%E0%B8%B2%E0%B8%A7%E0%B8%99%E0%B8%B5%E0%B9%88%20168%20%E0%B8%81%E0%B8%A3%E0%B8%B8%E0%B9%8A%E0%B8%9B%20%E0%B8%88%E0%B8%B3%E0%B8%81%E0%B8%B1%E0%B8%94%28%E0%B8%AA%E0%B8%B2%E0%B8%82%E0%B8%B2%201%29%20%E0%B9%80%E0%B8%A5%E0%B8%82%E0%B8%97%E0%B8%B5%E0%B9%88181/36%E0%B8%A1.2,บริษัท บราวนี่ 168 กรุ๊ป จำกัด(สาขา 1),,,https://www.google.com/maps/search/?api=1&query=%E0%B8%9A%E0%B8%A3%E0%B8%B4%E0%B8%A9%E0%B8%B1%E0%B8%97%20%E0%B8%9A%E0%B8%A3%E0%B8%B2%E0%B8%A7%E0%B8%99%E0%B8%B5%E0%B9%88%20168%20%E0%B8%81%E0%B8%A3%E0%B8%B8%E0%B9%8A%E0%B8%9B%20%E0%B8%88%E0%B8%B3%E0%B8%81%E0%B8%B1%E0%B8%94%28%E0%B8%AA%E0%B8%B2%E0%B8%82%E0%B8%B2%201%29%20%E0%B9%80%E0%B8%A5%E0%B8%82%E0%B8%97%E0%B8%B5%E0%B9%88181/36%E0%B8%A1.2,พิกัดต้นทาง + พิกัดปลายทาง
SKN,บริษัท บราวนี่ เพ็ทมาร์ท จำกัด (สำนักงานใหญ่),บริษัท บราวนี่ เพ็ทมาร์ท จำกัด (สำนักงานใหญ่),,,https://www.google.com/maps/search/?api=1&query=%E0%B8%9A%E0%B8%A3%E0%B8%B4%E0%B8%A9%E0%B8%B1%E0%B8%97%20%E0%B8%9A%E0%B8%A3%E0%B8%B2%E0%B8%A7%E0%B8%99%E0%B8%B5%E0%B9%88%20%E0%B9%80%E0%B8%9E%E0%B9%87%E0%B8%97%E0%B8%A1%E0%B8%B2%E0%B8%A3%E0%B9%8C%E0%B8%97%20%E0%B8%88%E0%B8%B3%E0%B8%81%E0%B8%B1%E0%B8%94%20%28%E0%B8%AA%E0%B8%B3%E0%B8%99%E0%B8%B1%E0%B8%81%E0%B8%87%E0%B8%B2%E0%B8%99%E0%B9%83%E0%B8%AB%E0%B8%8D%E0%B9%88%29%20557/9%E0%B8%AB%E0%B8%A1%E0%B8%B9%E0%B9%88%E0%B8%97%E0%B8%B5%E0%B9%881,บริษัท บราวนี่ เพ็ทมาร์ท จำกัด (สำนักงานใหญ่),,,https://www.google.com/maps/search/?api=1&query=%E0%B8%9A%E0%B8%A3%E0%B8%B4%E0%B8%A9%E0%B8%B1%E0%B8%97%20%E0%B8%9A%E0%B8%A3%E0%B8%B2%E0%B8%A7%E0%B8%99%E0%B8%B5%E0%B9%88%20%E0%B9%80%E0%B8%9E%E0%B9%87%E0%B8%97%E0%B8%A1%E0%B8%B2%E0%B8%A3%E0%B9%8C%E0%B8%97%20%E0%B8%88%E0%B8%B3%E0%B8%81%E0%B8%B1%E0%B8%94%20%28%E0%B8%AA%E0%B8%B3%E0%B8%99%E0%B8%B1%E0%B8%81%E0%B8%87%E0%B8%B2%E0%B8%99%E0%B9%83%E0%B8%AB%E0%B8%8D%E0%B9%88%29%20557/9%E0%B8%AB%E0%B8%A1%E0%B8%B9%E0%B9%88%E0%B8%97%E0%B8%B5%E0%B9%881,พิกัดต้นทาง + พิกัดปลายทาง
SKN,บริษัท บราวนี่ อินเตอร์เพ็ทส์ จำกัด (สำนักงานใหญ่),บริษัท บราวนี่ อินเตอร์เพ็ทส์ จำกัด (สำนักงานใหญ่),,,https://www.google.com/maps/search/?api=1&query=%E0%B8%9A%E0%B8%A3%E0%B8%B4%E0%B8%A9%E0%B8%B1%E0%B8%97%20%E0%B8%9A%E0%B8%A3%E0%B8%B2%E0%B8%A7%E0%B8%99%E0%B8%B5%E0%B9%88%20%E0%B8%AD%E0%B8%B4%E0%B8%99%E0%B9%80%E0%B8%95%E0%B8%AD%E0%B8%A3%E0%B9%8C%E0%B9%80%E0%B8%9E%E0%B9%87%E0%B8%97%E0%B8%AA%E0%B9%8C%20%E0%B8%88%E0%B8%B3%E0%B8%81%E0%B8%B1%E0%B8%94%20%28%E0%B8%AA%E0%B8%B3%E0%B8%99%E0%B8%B1%E0%B8%81%E0%B8%87%E0%B8%B2%E0%B8%99%E0%B9%83%E0%B8%AB%E0%B8%8D%E0%B9%88%29%2042/16-18%E0%B8%AB%E0%B8%A1%E0%B8%B9%E0%B9%8814,บริษัท บราวนี่ อินเตอร์เพ็ทส์ จำกัด (สำนักงานใหญ่),,,https://www.google.com/maps/search/?api=1&query=%E0%B8%9A%E0%B8%A3%E0%B8%B4%E0%B8%A9%E0%B8%B1%E0%B8%97%20%E0%B8%9A%E0%B8%A3%E0%B8%B2%E0%B8%A7%E0%B8%99%E0%B8%B5%E0%B9%88%20%E0%B8%AD%E0%B8%B4%E0%B8%99%E0%B9%80%E0%B8%95%E0%B8%AD%E0%B8%A3%E0%B9%8C%E0%B9%80%E0%B8%9E%E0%B9%87%E0%B8%97%E0%B8%AA%E0%B9%8C%20%E0%B8%88%E0%B8%B3%E0%B8%81%E0%B8%B1%E0%B8%94%20%28%E0%B8%AA%E0%B8%B3%E0%B8%99%E0%B8%B1%E0%B8%81%E0%B8%87%E0%B8%B2%E0%B8%99%E0%B9%83%E0%B8%AB%E0%B8%8D%E0%B9%88%29%2042/16-18%E0%B8%AB%E0%B8%A1%E0%B8%B9%E0%B9%8814,พิกัดต้นทาง + พิกัดปลายทาง
SKN,บริษัท บราวนี่ อินเตอร์เพ็ทส์ จำกัด สาขา 2,บริษัท บราวนี่ อินเตอร์เพ็ทส์ จำกัด สาขา 2,,,https://www.google.com/maps/search/?api=1&query=%E0%B8%9A%E0%B8%A3%E0%B8%B4%E0%B8%A9%E0%B8%B1%E0%B8%97%20%E0%B8%9A%E0%B8%A3%E0%B8%B2%E0%B8%A7%E0%B8%99%E0%B8%B5%E0%B9%88%20%E0%B8%AD%E0%B8%B4%E0%B8%99%E0%B9%80%E0%B8%95%E0%B8%AD%E0%B8%A3%E0%B9%8C%E0%B9%80%E0%B8%9E%E0%B9%87%E0%B8%97%E0%B8%AA%E0%B9%8C%20%E0%B8%88%E0%B8%B3%E0%B8%81%E0%B8%B1%E0%B8%94%20%E0%B8%AA%E0%B8%B2%E0%B8%82%E0%B8%B2%202%2042/16-18%E0%B8%AB%E0%B8%A1%E0%B8%B9%E0%B9%8814,บริษัท บราวนี่ อินเตอร์เพ็ทส์ จำกัด สาขา 2,,,https://www.google.com/maps/search/?api=1&query=%E0%B8%9A%E0%B8%A3%E0%B8%B4%E0%B8%A9%E0%B8%B1%E0%B8%97%20%E0%B8%9A%E0%B8%A3%E0%B8%B2%E0%B8%A7%E0%B8%99%E0%B8%B5%E0%B9%88%20%E0%B8%AD%E0%B8%B4%E0%B8%99%E0%B9%80%E0%B8%95%E0%B8%AD%E0%B8%A3%E0%B9%8C%E0%B9%80%E0%B8%9E%E0%B9%87%E0%B8%97%E0%B8%AA%E0%B9%8C%20%E0%B8%88%E0%B8%B3%E0%B8%81%E0%B8%B1%E0%B8%94%20%E0%B8%AA%E0%B8%B2%E0%B8%82%E0%B8%B2%202%2042/16-18%E0%B8%AB%E0%B8%A1%E0%B8%B9%E0%B9%8814,พิกัดต้นทาง + พิกัดปลายทาง
SKN,บริษัท บัวจันทร์ กรุ๊ป จำกัด สาขาที่ 00004,บริษัท บัวจันทร์ กรุ๊ป จำกัด สาขาที่ 00004,,,https://www.google.com/maps/search/?api=1&query=%E0%B8%9A%E0%B8%A3%E0%B8%B4%E0%B8%A9%E0%B8%B1%E0%B8%97%20%E0%B8%9A%E0%B8%B1%E0%B8%A7%E0%B8%88%E0%B8%B1%E0%B8%99%E0%B8%97%E0%B8%A3%E0%B9%8C%20%E0%B8%81%E0%B8%A3%E0%B8%B8%E0%B9%8A%E0%B8%9B%20%E0%B8%88%E0%B8%B3%E0%B8%81%E0%B8%B1%E0%B8%94%20%E0%B8%AA%E0%B8%B2%E0%B8%82%E0%B8%B2%E0%B8%97%E0%B8%B5%E0%B9%88%2000004%20PL10-001%2CPE01-001%2CPE01-002%2CPE01-003%2CPE01-004%2CPE01-005%2CPE01-006%2C%E0%B8%AB%E0%B8%A1%E0%B8%B9%E0%B9%889,บริษัท บัวจันทร์ กรุ๊ป จำกัด สาขาที่ 00004,,,https://www.google.com/maps/search/?api=1&query=%E0%B8%9A%E0%B8%A3%E0%B8%B4%E0%B8%A9%E0%B8%B1%E0%B8%97%20%E0%B8%9A%E0%B8%B1%E0%B8%A7%E0%B8%88%E0%B8%B1%E0%B8%99%E0%B8%97%E0%B8%A3%E0%B9%8C%20%E0%B8%81%E0%B8%A3%E0%B8%B8%E0%B9%8A%E0%B8%9B%20%E0%B8%88%E0%B8%B3%E0%B8%81%E0%B8%B1%E0%B8%94%20%E0%B8%AA%E0%B8%B2%E0%B8%82%E0%B8%B2%E0%B8%97%E0%B8%B5%E0%B9%88%2000004%20PL10-001%2CPE01-001%2CPE01-002%2CPE01-003%2CPE01-004%2CPE01-005%2CPE01-006%2C%E0%B8%AB%E0%B8%A1%E0%B8%B9%E0%B9%889,พิกัดต้นทาง + พิกัดปลายทาง
SKN,บริษัท บัวจันทร์ กรุ๊ป จำกัด สาขาที่ 00005,บริษัท บัวจันทร์ กรุ๊ป จำกัด สาขาที่ 00005,,,https://www.google.com/maps/search/?api=1&query=%E0%B8%9A%E0%B8%A3%E0%B8%B4%E0%B8%A9%E0%B8%B1%E0%B8%97%20%E0%B8%9A%E0%B8%B1%E0%B8%A7%E0%B8%88%E0%B8%B1%E0%B8%99%E0%B8%97%E0%B8%A3%E0%B9%8C%20%E0%B8%81%E0%B8%A3%E0%B8%B8%E0%B9%8A%E0%B8%9B%20%E0%B8%88%E0%B8%B3%E0%B8%81%E0%B8%B1%E0%B8%94%20%E0%B8%AA%E0%B8%B2%E0%B8%82%E0%B8%B2%E0%B8%97%E0%B8%B5%E0%B9%88%2000005%20111/1311%2C111/1312%2C111/1314%E0%B8%AB%E0%B8%A1%E0%B8%B9%E0%B9%881,บริษัท บัวจันทร์ กรุ๊ป จำกัด สาขาที่ 00005,,,https://www.google.com/maps/search/?api=1&query=%E0%B8%9A%E0%B8%A3%E0%B8%B4%E0%B8%A9%E0%B8%B1%E0%B8%97%20%E0%B8%9A%E0%B8%B1%E0%B8%A7%E0%B8%88%E0%B8%B1%E0%B8%99%E0%B8%97%E0%B8%A3%E0%B9%8C%20%E0%B8%81%E0%B8%A3%E0%B8%B8%E0%B9%8A%E0%B8%9B%20%E0%B8%88%E0%B8%B3%E0%B8%81%E0%B8%B1%E0%B8%94%20%E0%B8%AA%E0%B8%B2%E0%B8%82%E0%B8%B2%E0%B8%97%E0%B8%B5%E0%B9%88%2000005%20111/1311%2C111/1312%2C111/1314%E0%B8%AB%E0%B8%A1%E0%B8%B9%E0%B9%881,พิกัดต้นทาง + พิกัดปลายทาง
SKN,บริษัท บัวจันทร์ กรุ๊ป จำกัด สาขาที่ 00010,บริษัท บัวจันทร์ กรุ๊ป จำกัด สาขาที่ 00010,,,https://www.google.com/maps/search/?api=1&query=%E0%B8%9A%E0%B8%A3%E0%B8%B4%E0%B8%A9%E0%B8%B1%E0%B8%97%20%E0%B8%9A%E0%B8%B1%E0%B8%A7%E0%B8%88%E0%B8%B1%E0%B8%99%E0%B8%97%E0%B8%A3%E0%B9%8C%20%E0%B8%81%E0%B8%A3%E0%B8%B8%E0%B9%8A%E0%B8%9B%20%E0%B8%88%E0%B8%B3%E0%B8%81%E0%B8%B1%E0%B8%94%20%E0%B8%AA%E0%B8%B2%E0%B8%82%E0%B8%B2%E0%B8%97%E0%B8%B5%E0%B9%88%2000010%20121%E0%B8%AB%E0%B9%89%E0%B8%AD%E0%B8%87%E0%B9%80%E0%B8%A5%E0%B8%82%E0%B8%97%E0%B8%B5%E0%B9%88C4%2CC5%E0%B9%81%E0%B8%A5%E0%B8%B0C6%E0%B8%9B%E0%B8%B1%E0%B9%8A%E0%B8%A1%E0%B8%9A%E0%B8%B2%E0%B8%87%E0%B8%88%E0%B8%B2%E0%B8%81%E0%B8%AA%E0%B8%B2%E0%B8%82%E0%B8%B2%E0%B8%9A%E0%B8%B2%E0%B8%87%E0%B8%81%E0%B8%A3%E0%B8%A7%E0%B8%A2%E0%B8%A1.3,บริษัท บัวจันทร์ กรุ๊ป จำกัด สาขาที่ 00010,,,https://www.google.com/maps/search/?api=1&query=%E0%B8%9A%E0%B8%A3%E0%B8%B4%E0%B8%A9%E0%B8%B1%E0%B8%97%20%E0%B8%9A%E0%B8%B1%E0%B8%A7%E0%B8%88%E0%B8%B1%E0%B8%99%E0%B8%97%E0%B8%A3%E0%B9%8C%20%E0%B8%81%E0%B8%A3%E0%B8%B8%E0%B9%8A%E0%B8%9B%20%E0%B8%88%E0%B8%B3%E0%B8%81%E0%B8%B1%E0%B8%94%20%E0%B8%AA%E0%B8%B2%E0%B8%82%E0%B8%B2%E0%B8%97%E0%B8%B5%E0%B9%88%2000010%20121%E0%B8%AB%E0%B9%89%E0%B8%AD%E0%B8%87%E0%B9%80%E0%B8%A5%E0%B8%82%E0%B8%97%E0%B8%B5%E0%B9%88C4%2CC5%E0%B9%81%E0%B8%A5%E0%B8%B0C6%E0%B8%9B%E0%B8%B1%E0%B9%8A%E0%B8%A1%E0%B8%9A%E0%B8%B2%E0%B8%87%E0%B8%88%E0%B8%B2%E0%B8%81%E0%B8%AA%E0%B8%B2%E0%B8%82%E0%B8%B2%E0%B8%9A%E0%B8%B2%E0%B8%87%E0%B8%81%E0%B8%A3%E0%B8%A7%E0%B8%A2%E0%B8%A1.3,พิกัดต้นทาง + พิกัดปลายทาง
SKN,บริษัท บัวจันทร์ กรุ๊ป จำกัด สาขาที่ 00012,บริษัท บัวจันทร์ กรุ๊ป จำกัด สาขาที่ 00012,,,https://www.google.com/maps/search/?api=1&query=%E0%B8%9A%E0%B8%A3%E0%B8%B4%E0%B8%A9%E0%B8%B1%E0%B8%97%20%E0%B8%9A%E0%B8%B1%E0%B8%A7%E0%B8%88%E0%B8%B1%E0%B8%99%E0%B8%97%E0%B8%A3%E0%B9%8C%20%E0%B8%81%E0%B8%A3%E0%B8%B8%E0%B9%8A%E0%B8%9B%20%E0%B8%88%E0%B8%B3%E0%B8%81%E0%B8%B1%E0%B8%94%20%E0%B8%AA%E0%B8%B2%E0%B8%82%E0%B8%B2%E0%B8%97%E0%B8%B5%E0%B9%88%2000012%20159%E0%B8%AB%E0%B9%89%E0%B8%AD%E0%B8%87%E0%B9%80%E0%B8%A5%E0%B8%82%E0%B8%97%E0%B8%B5%E0%B9%889%2C10%2C11%E0%B8%9B%E0%B8%B1%E0%B9%8A%E0%B8%A1%E0%B8%84%E0%B8%A5%E0%B8%B2%E0%B9%80%E0%B8%97%E0%B9%87%E0%B8%81%E0%B8%8B%E0%B9%8C%E0%B8%AA%E0%B8%B2%E0%B8%82%E0%B8%B2%E0%B8%A5%E0%B8%B2%E0%B8%94%E0%B8%AA%E0%B8%A7%E0%B8%B2%E0%B8%A2%E0%B8%A1.5,บริษัท บัวจันทร์ กรุ๊ป จำกัด สาขาที่ 00012,,,https://www.google.com/maps/search/?api=1&query=%E0%B8%9A%E0%B8%A3%E0%B8%B4%E0%B8%A9%E0%B8%B1%E0%B8%97%20%E0%B8%9A%E0%B8%B1%E0%B8%A7%E0%B8%88%E0%B8%B1%E0%B8%99%E0%B8%97%E0%B8%A3%E0%B9%8C%20%E0%B8%81%E0%B8%A3%E0%B8%B8%E0%B9%8A%E0%B8%9B%20%E0%B8%88%E0%B8%B3%E0%B8%81%E0%B8%B1%E0%B8%94%20%E0%B8%AA%E0%B8%B2%E0%B8%82%E0%B8%B2%E0%B8%97%E0%B8%B5%E0%B9%88%2000012%20159%E0%B8%AB%E0%B9%89%E0%B8%AD%E0%B8%87%E0%B9%80%E0%B8%A5%E0%B8%82%E0%B8%97%E0%B8%B5%E0%B9%889%2C10%2C11%E0%B8%9B%E0%B8%B1%E0%B9%8A%E0%B8%A1%E0%B8%84%E0%B8%A5%E0%B8%B2%E0%B9%80%E0%B8%97%E0%B9%87%E0%B8%81%E0%B8%8B%E0%B9%8C%E0%B8%AA%E0%B8%B2%E0%B8%82%E0%B8%B2%E0%B8%A5%E0%B8%B2%E0%B8%94%E0%B8%AA%E0%B8%A7%E0%B8%B2%E0%B8%A2%E0%B8%A1.5,พิกัดต้นทาง + พิกัดปลายทาง
SKN,บริษัท บัวจันทร์ กรุ๊ป จำกัด สาขาที่ 00013,บริษัท บัวจันทร์ กรุ๊ป จำกัด สาขาที่ 00013,,,https://www.google.com/maps/search/?api=1&query=%E0%B8%9A%E0%B8%A3%E0%B8%B4%E0%B8%A9%E0%B8%B1%E0%B8%97%20%E0%B8%9A%E0%B8%B1%E0%B8%A7%E0%B8%88%E0%B8%B1%E0%B8%99%E0%B8%97%E0%B8%A3%E0%B9%8C%20%E0%B8%81%E0%B8%A3%E0%B8%B8%E0%B9%8A%E0%B8%9B%20%E0%B8%88%E0%B8%B3%E0%B8%81%E0%B8%B1%E0%B8%94%20%E0%B8%AA%E0%B8%B2%E0%B8%82%E0%B8%B2%E0%B8%97%E0%B8%B5%E0%B9%88%2000013%20187/15%E0%B8%A5%E0%B9%87%E0%B8%AD%E0%B8%84D6-D8%E0%B8%9B%E0%B8%B1%E0%B9%8A%E0%B8%A1%E0%B8%9B%E0%B8%95%E0%B8%97.%E0%B8%AA%E0%B8%B2%E0%B8%82%E0%B8%B2%E0%B8%9E%E0%B8%B8%E0%B8%98%E0%B8%A1%E0%B8%93%E0%B8%91%E0%B8%A5%E0%B8%AA%E0%B8%B2%E0%B8%A24%E0%B8%A1.7,บริษัท บัวจันทร์ กรุ๊ป จำกัด สาขาที่ 00013,,,https://www.google.com/maps/search/?api=1&query=%E0%B8%9A%E0%B8%A3%E0%B8%B4%E0%B8%A9%E0%B8%B1%E0%B8%97%20%E0%B8%9A%E0%B8%B1%E0%B8%A7%E0%B8%88%E0%B8%B1%E0%B8%99%E0%B8%97%E0%B8%A3%E0%B9%8C%20%E0%B8%81%E0%B8%A3%E0%B8%B8%E0%B9%8A%E0%B8%9B%20%E0%B8%88%E0%B8%B3%E0%B8%81%E0%B8%B1%E0%B8%94%20%E0%B8%AA%E0%B8%B2%E0%B8%82%E0%B8%B2%E0%B8%97%E0%B8%B5%E0%B9%88%2000013%20187/15%E0%B8%A5%E0%B9%87%E0%B8%AD%E0%B8%84D6-D8%E0%B8%9B%E0%B8%B1%E0%B9%8A%E0%B8%A1%E0%B8%9B%E0%B8%95%E0%B8%97.%E0%B8%AA%E0%B8%B2%E0%B8%82%E0%B8%B2%E0%B8%9E%E0%B8%B8%E0%B8%98%E0%B8%A1%E0%B8%93%E0%B8%91%E0%B8%A5%E0%B8%AA%E0%B8%B2%E0%B8%A24%E0%B8%A1.7,พิกัดต้นทาง + พิกัดปลายทาง
SKN,บริษัท บัวจันทร์ กรุ๊ป จำกัด สาขาที่ 00015,บริษัท บัวจันทร์ กรุ๊ป จำกัด สาขาที่ 00015,,,https://www.google.com/maps/search/?api=1&query=%E0%B8%9A%E0%B8%A3%E0%B8%B4%E0%B8%A9%E0%B8%B1%E0%B8%97%20%E0%B8%9A%E0%B8%B1%E0%B8%A7%E0%B8%88%E0%B8%B1%E0%B8%99%E0%B8%97%E0%B8%A3%E0%B9%8C%20%E0%B8%81%E0%B8%A3%E0%B8%B8%E0%B9%8A%E0%B8%9B%20%E0%B8%88%E0%B8%B3%E0%B8%81%E0%B8%B1%E0%B8%94%20%E0%B8%AA%E0%B8%B2%E0%B8%82%E0%B8%B2%E0%B8%97%E0%B8%B5%E0%B9%88%2000015%20102/16%E0%B8%AB%E0%B8%A1%E0%B8%B9%E0%B9%886,บริษัท บัวจันทร์ กรุ๊ป จำกัด สาขาที่ 00015,,,https://www.google.com/maps/search/?api=1&query=%E0%B8%9A%E0%B8%A3%E0%B8%B4%E0%B8%A9%E0%B8%B1%E0%B8%97%20%E0%B8%9A%E0%B8%B1%E0%B8%A7%E0%B8%88%E0%B8%B1%E0%B8%99%E0%B8%97%E0%B8%A3%E0%B9%8C%20%E0%B8%81%E0%B8%A3%E0%B8%B8%E0%B9%8A%E0%B8%9B%20%E0%B8%88%E0%B8%B3%E0%B8%81%E0%B8%B1%E0%B8%94%20%E0%B8%AA%E0%B8%B2%E0%B8%82%E0%B8%B2%E0%B8%97%E0%B8%B5%E0%B9%88%2000015%20102/16%E0%B8%AB%E0%B8%A1%E0%B8%B9%E0%B9%886,พิกัดต้นทาง + พิกัดปลายทาง
SKN,บริษัท บัวจันทร์ กรุ๊ป จำกัด สำนักงานใหญ่,บริษัท บัวจันทร์ กรุ๊ป จำกัด สำนักงานใหญ่,,,https://www.google.com/maps/search/?api=1&query=%E0%B8%9A%E0%B8%A3%E0%B8%B4%E0%B8%A9%E0%B8%B1%E0%B8%97%20%E0%B8%9A%E0%B8%B1%E0%B8%A7%E0%B8%88%E0%B8%B1%E0%B8%99%E0%B8%97%E0%B8%A3%E0%B9%8C%20%E0%B8%81%E0%B8%A3%E0%B8%B8%E0%B9%8A%E0%B8%9B%20%E0%B8%88%E0%B8%B3%E0%B8%81%E0%B8%B1%E0%B8%94%20%E0%B8%AA%E0%B8%B3%E0%B8%99%E0%B8%B1%E0%B8%81%E0%B8%87%E0%B8%B2%E0%B8%99%E0%B9%83%E0%B8%AB%E0%B8%8D%E0%B9%88%2059/163%E0%B8%AB%E0%B8%A1%E0%B8%B9%E0%B9%88%E0%B8%97%E0%B8%B5%E0%B9%889,บริษัท บัวจันทร์ กรุ๊ป จำกัด สำนักงานใหญ่,,,https://www.google.com/maps/search/?api=1&query=%E0%B8%9A%E0%B8%A3%E0%B8%B4%E0%B8%A9%E0%B8%B1%E0%B8%97%20%E0%B8%9A%E0%B8%B1%E0%B8%A7%E0%B8%88%E0%B8%B1%E0%B8%99%E0%B8%97%E0%B8%A3%E0%B9%8C%20%E0%B8%81%E0%B8%A3%E0%B8%B8%E0%B9%8A%E0%B8%9B%20%E0%B8%88%E0%B8%B3%E0%B8%81%E0%B8%B1%E0%B8%94%20%E0%B8%AA%E0%B8%B3%E0%B8%99%E0%B8%B1%E0%B8%81%E0%B8%87%E0%B8%B2%E0%B8%99%E0%B9%83%E0%B8%AB%E0%B8%8D%E0%B9%88%2059/163%E0%B8%AB%E0%B8%A1%E0%B8%B9%E0%B9%88%E0%B8%97%E0%B8%B5%E0%B9%889,พิกัดต้นทาง + พิกัดปลายทาง
SKN,บริษัท เพ็ท คลับ จำกัด สาขาบูกิสภูเก็ต,บริษัท เพ็ท คลับ จำกัด สาขาบูกิสภูเก็ต,,,https://www.google.com/maps/search/?api=1&query=%E0%B8%9A%E0%B8%A3%E0%B8%B4%E0%B8%A9%E0%B8%B1%E0%B8%97%20%E0%B9%80%E0%B8%9E%E0%B9%87%E0%B8%97%20%E0%B8%84%E0%B8%A5%E0%B8%B1%E0%B8%9A%20%E0%B8%88%E0%B8%B3%E0%B8%81%E0%B8%B1%E0%B8%94%20%E0%B8%AA%E0%B8%B2%E0%B8%82%E0%B8%B2%E0%B8%9A%E0%B8%B9%E0%B8%81%E0%B8%B4%E0%B8%AA%E0%B8%A0%E0%B8%B9%E0%B9%80%E0%B8%81%E0%B9%87%E0%B8%95%20%E0%B9%82%E0%B8%84%E0%B8%A3%E0%B8%87%E0%B8%81%E0%B8%B2%E0%B8%A3%E0%B8%9A%E0%B8%B9%E0%B8%81%E0%B8%B4%E0%B8%AA%E0%B8%A0%E0%B8%B9%E0%B9%80%E0%B8%81%E0%B9%87%E0%B8%95%E0%B8%9A%E0%B8%B5-%E0%B9%80%E0%B8%AD%E0%B8%AA%E0%B9%80%E0%B8%AD2%E0%B9%82%E0%B8%8B%E0%B8%99%E0%B8%9A%E0%B8%B5%E0%B9%80%E0%B8%A5%E0%B8%82%E0%B8%97%E0%B8%B5%E0%B9%8889%E0%B8%AB%E0%B8%A1%E0%B8%B9%E0%B9%885,บริษัท เพ็ท คลับ จำกัด สาขาบูกิสภูเก็ต,,,https://www.google.com/maps/search/?api=1&query=%E0%B8%9A%E0%B8%A3%E0%B8%B4%E0%B8%A9%E0%B8%B1%E0%B8%97%20%E0%B9%80%E0%B8%9E%E0%B9%87%E0%B8%97%20%E0%B8%84%E0%B8%A5%E0%B8%B1%E0%B8%9A%20%E0%B8%88%E0%B8%B3%E0%B8%81%E0%B8%B1%E0%B8%94%20%E0%B8%AA%E0%B8%B2%E0%B8%82%E0%B8%B2%E0%B8%9A%E0%B8%B9%E0%B8%81%E0%B8%B4%E0%B8%AA%E0%B8%A0%E0%B8%B9%E0%B9%80%E0%B8%81%E0%B9%87%E0%B8%95%20%E0%B9%82%E0%B8%84%E0%B8%A3%E0%B8%87%E0%B8%81%E0%B8%B2%E0%B8%A3%E0%B8%9A%E0%B8%B9%E0%B8%81%E0%B8%B4%E0%B8%AA%E0%B8%A0%E0%B8%B9%E0%B9%80%E0%B8%81%E0%B9%87%E0%B8%95%E0%B8%9A%E0%B8%B5-%E0%B9%80%E0%B8%AD%E0%B8%AA%E0%B9%80%E0%B8%AD2%E0%B9%82%E0%B8%8B%E0%B8%99%E0%B8%9A%E0%B8%B5%E0%B9%80%E0%B8%A5%E0%B8%82%E0%B8%97%E0%B8%B5%E0%B9%8889%E0%B8%AB%E0%B8%A1%E0%B8%B9%E0%B9%885,พิกัดต้นทาง + พิกัดปลายทาง
SKN,บริษัท ไพศาลอิเล็กทรอนิกส์,บริษัท ไพศาลอิเล็กทรอนิกส์,,,https://www.google.com/maps/search/?api=1&query=%E0%B8%9A%E0%B8%A3%E0%B8%B4%E0%B8%A9%E0%B8%B1%E0%B8%97%20%E0%B9%84%E0%B8%9E%E0%B8%A8%E0%B8%B2%E0%B8%A5%E0%B8%AD%E0%B8%B4%E0%B9%80%E0%B8%A5%E0%B9%87%E0%B8%81%E0%B8%97%E0%B8%A3%E0%B8%AD%E0%B8%99%E0%B8%B4%E0%B8%81%E0%B8%AA%E0%B9%8C%206M7M%2BRM7,บริษัท ไพศาลอิเล็กทรอนิกส์,,,https://www.google.com/maps/search/?api=1&query=%E0%B8%9A%E0%B8%A3%E0%B8%B4%E0%B8%A9%E0%B8%B1%E0%B8%97%20%E0%B9%84%E0%B8%9E%E0%B8%A8%E0%B8%B2%E0%B8%A5%E0%B8%AD%E0%B8%B4%E0%B9%80%E0%B8%A5%E0%B9%87%E0%B8%81%E0%B8%97%E0%B8%A3%E0%B8%AD%E0%B8%99%E0%B8%B4%E0%B8%81%E0%B8%AA%E0%B9%8C%206M7M%2BRM7,พิกัดต้นทาง + พิกัดปลายทาง
SKN,บริษัท ฟิตวัน เพ็ทซัพพลายส์ จำกัด,บริษัท ฟิตวัน เพ็ทซัพพลายส์ จำกัด,,,https://www.google.com/maps/search/?api=1&query=%E0%B8%9A%E0%B8%A3%E0%B8%B4%E0%B8%A9%E0%B8%B1%E0%B8%97%20%E0%B8%9F%E0%B8%B4%E0%B8%95%E0%B8%A7%E0%B8%B1%E0%B8%99%20%E0%B9%80%E0%B8%9E%E0%B9%87%E0%B8%97%E0%B8%8B%E0%B8%B1%E0%B8%9E%E0%B8%9E%E0%B8%A5%E0%B8%B2%E0%B8%A2%E0%B8%AA%E0%B9%8C%20%E0%B8%88%E0%B8%B3%E0%B8%81%E0%B8%B1%E0%B8%94%20%E0%B9%80%E0%B8%A5%E0%B8%82%E0%B8%97%E0%B8%B5%E0%B9%88158/18%E0%B8%AB%E0%B8%A1%E0%B8%B9%E0%B9%88%E0%B8%97%E0%B8%B5%E0%B9%884,บริษัท ฟิตวัน เพ็ทซัพพลายส์ จำกัด,,,https://www.google.com/maps/search/?api=1&query=%E0%B8%9A%E0%B8%A3%E0%B8%B4%E0%B8%A9%E0%B8%B1%E0%B8%97%20%E0%B8%9F%E0%B8%B4%E0%B8%95%E0%B8%A7%E0%B8%B1%E0%B8%99%20%E0%B9%80%E0%B8%9E%E0%B9%87%E0%B8%97%E0%B8%8B%E0%B8%B1%E0%B8%9E%E0%B8%9E%E0%B8%A5%E0%B8%B2%E0%B8%A2%E0%B8%AA%E0%B9%8C%20%E0%B8%88%E0%B8%B3%E0%B8%81%E0%B8%B1%E0%B8%94%20%E0%B9%80%E0%B8%A5%E0%B8%82%E0%B8%97%E0%B8%B5%E0%B9%88158/18%E0%B8%AB%E0%B8%A1%E0%B8%B9%E0%B9%88%E0%B8%97%E0%B8%B5%E0%B9%884,พิกัดต้นทาง + พิกัดปลายทาง
SKN,บริษัท มายบัดดี้ เพ็ทช็อป จำกัด,บริษัท มายบัดดี้ เพ็ทช็อป จำกัด,,,https://www.google.com/maps/search/?api=1&query=%E0%B8%9A%E0%B8%A3%E0%B8%B4%E0%B8%A9%E0%B8%B1%E0%B8%97%20%E0%B8%A1%E0%B8%B2%E0%B8%A2%E0%B8%9A%E0%B8%B1%E0%B8%94%E0%B8%94%E0%B8%B5%E0%B9%89%20%E0%B9%80%E0%B8%9E%E0%B9%87%E0%B8%97%E0%B8%8A%E0%B9%87%E0%B8%AD%E0%B8%9B%20%E0%B8%88%E0%B8%B3%E0%B8%81%E0%B8%B1%E0%B8%94%20%E0%B9%80%E0%B8%A5%E0%B8%82%E0%B8%97%E0%B8%B5%E0%B9%88168%E0%B8%AB%E0%B8%A1%E0%B8%B9%E0%B9%88%E0%B8%97%E0%B8%B5%E0%B9%889,บริษัท มายบัดดี้ เพ็ทช็อป จำกัด,,,https://www.google.com/maps/search/?api=1&query=%E0%B8%9A%E0%B8%A3%E0%B8%B4%E0%B8%A9%E0%B8%B1%E0%B8%97%20%E0%B8%A1%E0%B8%B2%E0%B8%A2%E0%B8%9A%E0%B8%B1%E0%B8%94%E0%B8%94%E0%B8%B5%E0%B9%89%20%E0%B9%80%E0%B8%9E%E0%B9%87%E0%B8%97%E0%B8%8A%E0%B9%87%E0%B8%AD%E0%B8%9B%20%E0%B8%88%E0%B8%B3%E0%B8%81%E0%B8%B1%E0%B8%94%20%E0%B9%80%E0%B8%A5%E0%B8%82%E0%B8%97%E0%B8%B5%E0%B9%88168%E0%B8%AB%E0%B8%A1%E0%B8%B9%E0%B9%88%E0%B8%97%E0%B8%B5%E0%B9%889,พิกัดต้นทาง + พิกัดปลายทาง
SKN,บริษัท โรงพยาบาลสัตว์ กะทู้ จำกัด,บริษัท โรงพยาบาลสัตว์ กะทู้ จำกัด,,,https://www.google.com/maps/search/?api=1&query=%E0%B8%9A%E0%B8%A3%E0%B8%B4%E0%B8%A9%E0%B8%B1%E0%B8%97%20%E0%B9%82%E0%B8%A3%E0%B8%87%E0%B8%9E%E0%B8%A2%E0%B8%B2%E0%B8%9A%E0%B8%B2%E0%B8%A5%E0%B8%AA%E0%B8%B1%E0%B8%95%E0%B8%A7%E0%B9%8C%20%E0%B8%81%E0%B8%B0%E0%B8%97%E0%B8%B9%E0%B9%89%20%E0%B8%88%E0%B8%B3%E0%B8%81%E0%B8%B1%E0%B8%94%2015/28%E0%B8%A1.1,บริษัท โรงพยาบาลสัตว์ กะทู้ จำกัด,,,https://www.google.com/maps/search/?api=1&query=%E0%B8%9A%E0%B8%A3%E0%B8%B4%E0%B8%A9%E0%B8%B1%E0%B8%97%20%E0%B9%82%E0%B8%A3%E0%B8%87%E0%B8%9E%E0%B8%A2%E0%B8%B2%E0%B8%9A%E0%B8%B2%E0%B8%A5%E0%B8%AA%E0%B8%B1%E0%B8%95%E0%B8%A7%E0%B9%8C%20%E0%B8%81%E0%B8%B0%E0%B8%97%E0%B8%B9%E0%B9%89%20%E0%B8%88%E0%B8%B3%E0%B8%81%E0%B8%B1%E0%B8%94%2015/28%E0%B8%A1.1,พิกัดต้นทาง + พิกัดปลายทาง
SKN,บริษัท ลามอม เพ็ท โปรดักส์ จำกัด,บริษัท ลามอม เพ็ท โปรดักส์ จำกัด,,,https://www.google.com/maps/search/?api=1&query=%E0%B8%9A%E0%B8%A3%E0%B8%B4%E0%B8%A9%E0%B8%B1%E0%B8%97%20%E0%B8%A5%E0%B8%B2%E0%B8%A1%E0%B8%AD%E0%B8%A1%20%E0%B9%80%E0%B8%9E%E0%B9%87%E0%B8%97%20%E0%B9%82%E0%B8%9B%E0%B8%A3%E0%B8%94%E0%B8%B1%E0%B8%81%E0%B8%AA%E0%B9%8C%20%E0%B8%88%E0%B8%B3%E0%B8%81%E0%B8%B1%E0%B8%94%20124/1%E0%B8%AB%E0%B8%A1%E0%B8%B9%E0%B9%884,บริษัท ลามอม เพ็ท โปรดักส์ จำกัด,,,https://www.google.com/maps/search/?api=1&query=%E0%B8%9A%E0%B8%A3%E0%B8%B4%E0%B8%A9%E0%B8%B1%E0%B8%97%20%E0%B8%A5%E0%B8%B2%E0%B8%A1%E0%B8%AD%E0%B8%A1%20%E0%B9%80%E0%B8%9E%E0%B9%87%E0%B8%97%20%E0%B9%82%E0%B8%9B%E0%B8%A3%E0%B8%94%E0%B8%B1%E0%B8%81%E0%B8%AA%E0%B9%8C%20%E0%B8%88%E0%B8%B3%E0%B8%81%E0%B8%B1%E0%B8%94%20124/1%E0%B8%AB%E0%B8%A1%E0%B8%B9%E0%B9%884,พิกัดต้นทาง + พิกัดปลายทาง
SKN,บริษัท เวลธ์ ยูเนี่ยน เพ็ท จำกัด,บริษัท เวลธ์ ยูเนี่ยน เพ็ท จำกัด,,,https://www.google.com/maps/search/?api=1&query=%E0%B8%9A%E0%B8%A3%E0%B8%B4%E0%B8%A9%E0%B8%B1%E0%B8%97%20%E0%B9%80%E0%B8%A7%E0%B8%A5%E0%B8%98%E0%B9%8C%20%E0%B8%A2%E0%B8%B9%E0%B9%80%E0%B8%99%E0%B8%B5%E0%B9%88%E0%B8%A2%E0%B8%99%20%E0%B9%80%E0%B8%9E%E0%B9%87%E0%B8%97%20%E0%B8%88%E0%B8%B3%E0%B8%81%E0%B8%B1%E0%B8%94%20%E0%B9%80%E0%B8%A5%E0%B8%82%E0%B8%97%E0%B8%B5%E0%B9%8817%E0%B8%96.%E0%B9%80%E0%B8%A5%E0%B8%B5%E0%B8%A2%E0%B8%9A%E0%B8%84%E0%B8%A5%E0%B8%AD%E0%B8%87%E0%B8%A3%E0%B8%B1%E0%B8%87%E0%B8%AA%E0%B8%B4%E0%B8%95,บริษัท เวลธ์ ยูเนี่ยน เพ็ท จำกัด,,,https://www.google.com/maps/search/?api=1&query=%E0%B8%9A%E0%B8%A3%E0%B8%B4%E0%B8%A9%E0%B8%B1%E0%B8%97%20%E0%B9%80%E0%B8%A7%E0%B8%A5%E0%B8%98%E0%B9%8C%20%E0%B8%A2%E0%B8%B9%E0%B9%80%E0%B8%99%E0%B8%B5%E0%B9%88%E0%B8%A2%E0%B8%99%20%E0%B9%80%E0%B8%9E%E0%B9%87%E0%B8%97%20%E0%B8%88%E0%B8%B3%E0%B8%81%E0%B8%B1%E0%B8%94%20%E0%B9%80%E0%B8%A5%E0%B8%82%E0%B8%97%E0%B8%B5%E0%B9%8817%E0%B8%96.%E0%B9%80%E0%B8%A5%E0%B8%B5%E0%B8%A2%E0%B8%9A%E0%B8%84%E0%B8%A5%E0%B8%AD%E0%B8%87%E0%B8%A3%E0%B8%B1%E0%B8%87%E0%B8%AA%E0%B8%B4%E0%B8%95,พิกัดต้นทาง + พิกัดปลายทาง
SKN,บริษัท ศุภา แอนด์ เดอะแคด จำกัด,บริษัท ศุภา แอนด์ เดอะแคด จำกัด,,,https://www.google.com/maps/search/?api=1&query=%E0%B8%9A%E0%B8%A3%E0%B8%B4%E0%B8%A9%E0%B8%B1%E0%B8%97%20%E0%B8%A8%E0%B8%B8%E0%B8%A0%E0%B8%B2%20%E0%B9%81%E0%B8%AD%E0%B8%99%E0%B8%94%E0%B9%8C%20%E0%B9%80%E0%B8%94%E0%B8%AD%E0%B8%B0%E0%B9%81%E0%B8%84%E0%B8%94%20%E0%B8%88%E0%B8%B3%E0%B8%81%E0%B8%B1%E0%B8%94%20%E0%B9%80%E0%B8%A5%E0%B8%82%E0%B8%97%E0%B8%B5%E0%B9%8889/7%E0%B8%AB%E0%B8%A1%E0%B8%B9%E0%B9%883,บริษัท ศุภา แอนด์ เดอะแคด จำกัด,,,https://www.google.com/maps/search/?api=1&query=%E0%B8%9A%E0%B8%A3%E0%B8%B4%E0%B8%A9%E0%B8%B1%E0%B8%97%20%E0%B8%A8%E0%B8%B8%E0%B8%A0%E0%B8%B2%20%E0%B9%81%E0%B8%AD%E0%B8%99%E0%B8%94%E0%B9%8C%20%E0%B9%80%E0%B8%94%E0%B8%AD%E0%B8%B0%E0%B9%81%E0%B8%84%E0%B8%94%20%E0%B8%88%E0%B8%B3%E0%B8%81%E0%B8%B1%E0%B8%94%20%E0%B9%80%E0%B8%A5%E0%B8%82%E0%B8%97%E0%B8%B5%E0%B9%8889/7%E0%B8%AB%E0%B8%A1%E0%B8%B9%E0%B9%883,พิกัดต้นทาง + พิกัดปลายทาง
SKN,บริษัท อาร์ทีบี เพ็ท พารากอน จำกัด,บริษัท อาร์ทีบี เพ็ท พารากอน จำกัด,,,https://www.google.com/maps/search/?api=1&query=%E0%B8%9A%E0%B8%A3%E0%B8%B4%E0%B8%A9%E0%B8%B1%E0%B8%97%20%E0%B8%AD%E0%B8%B2%E0%B8%A3%E0%B9%8C%E0%B8%97%E0%B8%B5%E0%B8%9A%E0%B8%B5%20%E0%B9%80%E0%B8%9E%E0%B9%87%E0%B8%97%20%E0%B8%9E%E0%B8%B2%E0%B8%A3%E0%B8%B2%E0%B8%81%E0%B8%AD%E0%B8%99%20%E0%B8%88%E0%B8%B3%E0%B8%81%E0%B8%B1%E0%B8%94%20355%E0%B8%96%E0%B8%99%E0%B8%99%E0%B8%95%E0%B8%B4%E0%B8%A7%E0%B8%B2%E0%B8%99%E0%B8%99%E0%B8%97%E0%B9%8C,บริษัท อาร์ทีบี เพ็ท พารากอน จำกัด,,,https://www.google.com/maps/search/?api=1&query=%E0%B8%9A%E0%B8%A3%E0%B8%B4%E0%B8%A9%E0%B8%B1%E0%B8%97%20%E0%B8%AD%E0%B8%B2%E0%B8%A3%E0%B9%8C%E0%B8%97%E0%B8%B5%E0%B8%9A%E0%B8%B5%20%E0%B9%80%E0%B8%9E%E0%B9%87%E0%B8%97%20%E0%B8%9E%E0%B8%B2%E0%B8%A3%E0%B8%B2%E0%B8%81%E0%B8%AD%E0%B8%99%20%E0%B8%88%E0%B8%B3%E0%B8%81%E0%B8%B1%E0%B8%94%20355%E0%B8%96%E0%B8%99%E0%B8%99%E0%B8%95%E0%B8%B4%E0%B8%A7%E0%B8%B2%E0%B8%99%E0%B8%99%E0%B8%97%E0%B9%8C,พิกัดต้นทาง + พิกัดปลายทาง
SKN,บริษัท โอนิ เพ็ทช็อป จำกัด,บริษัท โอนิ เพ็ทช็อป จำกัด,,,https://www.google.com/maps/search/?api=1&query=%E0%B8%9A%E0%B8%A3%E0%B8%B4%E0%B8%A9%E0%B8%B1%E0%B8%97%20%E0%B9%82%E0%B8%AD%E0%B8%99%E0%B8%B4%20%E0%B9%80%E0%B8%9E%E0%B9%87%E0%B8%97%E0%B8%8A%E0%B9%87%E0%B8%AD%E0%B8%9B%20%E0%B8%88%E0%B8%B3%E0%B8%81%E0%B8%B1%E0%B8%94%2028/137%E0%B8%AB%E0%B8%A1%E0%B8%B9%E0%B9%887%E0%B8%AB%E0%B8%A1%E0%B8%B9%E0%B9%88%E0%B8%9A%E0%B9%89%E0%B8%B2%E0%B8%99%E0%B8%96%E0%B8%B2%E0%B8%A7%E0%B8%A3%E0%B8%A7%E0%B8%B4%E0%B8%A5%E0%B8%A5%E0%B9%88%E0%B8%B2,บริษัท โอนิ เพ็ทช็อป จำกัด,,,https://www.google.com/maps/search/?api=1&query=%E0%B8%9A%E0%B8%A3%E0%B8%B4%E0%B8%A9%E0%B8%B1%E0%B8%97%20%E0%B9%82%E0%B8%AD%E0%B8%99%E0%B8%B4%20%E0%B9%80%E0%B8%9E%E0%B9%87%E0%B8%97%E0%B8%8A%E0%B9%87%E0%B8%AD%E0%B8%9B%20%E0%B8%88%E0%B8%B3%E0%B8%81%E0%B8%B1%E0%B8%94%2028/137%E0%B8%AB%E0%B8%A1%E0%B8%B9%E0%B9%887%E0%B8%AB%E0%B8%A1%E0%B8%B9%E0%B9%88%E0%B8%9A%E0%B9%89%E0%B8%B2%E0%B8%99%E0%B8%96%E0%B8%B2%E0%B8%A7%E0%B8%A3%E0%B8%A7%E0%B8%B4%E0%B8%A5%E0%B8%A5%E0%B9%88%E0%B8%B2,พิกัดต้นทาง + พิกัดปลายทาง
SKN,บริษัทริช อินเตอร์เทรด,บริษัทริช อินเตอร์เทรด,,,https://www.google.com/maps/search/?api=1&query=%E0%B8%9A%E0%B8%A3%E0%B8%B4%E0%B8%A9%E0%B8%B1%E0%B8%97%E0%B8%A3%E0%B8%B4%E0%B8%8A%20%E0%B8%AD%E0%B8%B4%E0%B8%99%E0%B9%80%E0%B8%95%E0%B8%AD%E0%B8%A3%E0%B9%8C%E0%B9%80%E0%B8%97%E0%B8%A3%E0%B8%94%20P72P%2BHJ6,บริษัทริช อินเตอร์เทรด,,,https://www.google.com/maps/search/?api=1&query=%E0%B8%9A%E0%B8%A3%E0%B8%B4%E0%B8%A9%E0%B8%B1%E0%B8%97%E0%B8%A3%E0%B8%B4%E0%B8%8A%20%E0%B8%AD%E0%B8%B4%E0%B8%99%E0%B9%80%E0%B8%95%E0%B8%AD%E0%B8%A3%E0%B9%8C%E0%B9%80%E0%B8%97%E0%B8%A3%E0%B8%94%20P72P%2BHJ6,พิกัดต้นทาง + พิกัดปลายทาง
SKN,บัวจันทร์ เพ็ทช็อป สาขากิ่งแก้ว,บัวจันทร์ เพ็ทช็อป สาขากิ่งแก้ว,,,https://www.google.com/maps/search/?api=1&query=%E0%B8%9A%E0%B8%B1%E0%B8%A7%E0%B8%88%E0%B8%B1%E0%B8%99%E0%B8%97%E0%B8%A3%E0%B9%8C%20%E0%B9%80%E0%B8%9E%E0%B9%87%E0%B8%97%E0%B8%8A%E0%B9%87%E0%B8%AD%E0%B8%9B%20%E0%B8%AA%E0%B8%B2%E0%B8%82%E0%B8%B2%E0%B8%81%E0%B8%B4%E0%B9%88%E0%B8%87%E0%B9%81%E0%B8%81%E0%B9%89%E0%B8%A7%2026/64%E0%B8%A1.7,บัวจันทร์ เพ็ทช็อป สาขากิ่งแก้ว,,,https://www.google.com/maps/search/?api=1&query=%E0%B8%9A%E0%B8%B1%E0%B8%A7%E0%B8%88%E0%B8%B1%E0%B8%99%E0%B8%97%E0%B8%A3%E0%B9%8C%20%E0%B9%80%E0%B8%9E%E0%B9%87%E0%B8%97%E0%B8%8A%E0%B9%87%E0%B8%AD%E0%B8%9B%20%E0%B8%AA%E0%B8%B2%E0%B8%82%E0%B8%B2%E0%B8%81%E0%B8%B4%E0%B9%88%E0%B8%87%E0%B9%81%E0%B8%81%E0%B9%89%E0%B8%A7%2026/64%E0%B8%A1.7,พิกัดต้นทาง + พิกัดปลายทาง
SKN,บัวจันทร์ตลาดไท,บัวจันทร์ตลาดไท,,,https://www.google.com/maps/search/?api=1&query=%E0%B8%9A%E0%B8%B1%E0%B8%A7%E0%B8%88%E0%B8%B1%E0%B8%99%E0%B8%97%E0%B8%A3%E0%B9%8C%E0%B8%95%E0%B8%A5%E0%B8%B2%E0%B8%94%E0%B9%84%E0%B8%97%20Unnamed%20Road,บัวจันทร์ตลาดไท,,,https://www.google.com/maps/search/?api=1&query=%E0%B8%9A%E0%B8%B1%E0%B8%A7%E0%B8%88%E0%B8%B1%E0%B8%99%E0%B8%97%E0%B8%A3%E0%B9%8C%E0%B8%95%E0%B8%A5%E0%B8%B2%E0%B8%94%E0%B9%84%E0%B8%97%20Unnamed%20Road,พิกัดต้นทาง + พิกัดปลายทาง
SKN,บัวจันทร์ร่มเกล้า,บัวจันทร์ร่มเกล้า,,,https://www.google.com/maps/search/?api=1&query=%E0%B8%9A%E0%B8%B1%E0%B8%A7%E0%B8%88%E0%B8%B1%E0%B8%99%E0%B8%97%E0%B8%A3%E0%B9%8C%E0%B8%A3%E0%B9%88%E0%B8%A1%E0%B9%80%E0%B8%81%E0%B8%A5%E0%B9%89%E0%B8%B2%20D6%2C%20D7%20%E0%B8%AD%E0%B8%B2%E0%B8%84%E0%B8%B2%E0%B8%A3%20D%20%E0%B8%AB%E0%B9%89%E0%B8%AD%E0%B8%87%E0%B9%80%E0%B8%A5%E0%B8%82%E0%B8%97%E0%B8%B5%E0%B9%88%20D5%20995/7%20D8%20%E0%B8%96.%20%E0%B9%80%E0%B8%84%E0%B8%AB%E0%B8%B0%E0%B8%A3%E0%B9%88%E0%B8%A1%E0%B9%80%E0%B8%81%E0%B8%A5%E0%B9%89%E0%B8%B2,บัวจันทร์ร่มเกล้า,,,https://www.google.com/maps/search/?api=1&query=%E0%B8%9A%E0%B8%B1%E0%B8%A7%E0%B8%88%E0%B8%B1%E0%B8%99%E0%B8%97%E0%B8%A3%E0%B9%8C%E0%B8%A3%E0%B9%88%E0%B8%A1%E0%B9%80%E0%B8%81%E0%B8%A5%E0%B9%89%E0%B8%B2%20D6%2C%20D7%20%E0%B8%AD%E0%B8%B2%E0%B8%84%E0%B8%B2%E0%B8%A3%20D%20%E0%B8%AB%E0%B9%89%E0%B8%AD%E0%B8%87%E0%B9%80%E0%B8%A5%E0%B8%82%E0%B8%97%E0%B8%B5%E0%B9%88%20D5%20995/7%20D8%20%E0%B8%96.%20%E0%B9%80%E0%B8%84%E0%B8%AB%E0%B8%B0%E0%B8%A3%E0%B9%88%E0%B8%A1%E0%B9%80%E0%B8%81%E0%B8%A5%E0%B9%89%E0%B8%B2,พิกัดต้นทาง + พิกัดปลายทาง
SKN,บัวจันทร์ไอยรา,บัวจันทร์ไอยรา,,,https://www.google.com/maps/search/?api=1&query=%E0%B8%9A%E0%B8%B1%E0%B8%A7%E0%B8%88%E0%B8%B1%E0%B8%99%E0%B8%97%E0%B8%A3%E0%B9%8C%E0%B9%84%E0%B8%AD%E0%B8%A2%E0%B8%A3%E0%B8%B2%20-,บัวจันทร์ไอยรา,,,https://www.google.com/maps/search/?api=1&query=%E0%B8%9A%E0%B8%B1%E0%B8%A7%E0%B8%88%E0%B8%B1%E0%B8%99%E0%B8%97%E0%B8%A3%E0%B9%8C%E0%B9%84%E0%B8%AD%E0%B8%A2%E0%B8%A3%E0%B8%B2%20-,พิกัดต้นทาง + พิกัดปลายทาง
SKN,บิ๊กจอน เพ็ท,บิ๊กจอน เพ็ท,,,https://www.google.com/maps/search/?api=1&query=%E0%B8%9A%E0%B8%B4%E0%B9%8A%E0%B8%81%E0%B8%88%E0%B8%AD%E0%B8%99%20%E0%B9%80%E0%B8%9E%E0%B9%87%E0%B8%97%20%E0%B9%80%E0%B8%A5%E0%B8%82%E0%B8%97%E0%B8%B5%E0%B9%8880%E0%B8%96%E0%B8%99%E0%B8%99%E0%B8%AB%E0%B9%89%E0%B8%A7%E0%B8%A2%E0%B9%82%E0%B8%9B%E0%B9%88%E0%B8%87-%E0%B8%AB%E0%B8%99%E0%B8%AD%E0%B8%87%E0%B8%9A%E0%B8%AD%E0%B8%99,บิ๊กจอน เพ็ท,,,https://www.google.com/maps/search/?api=1&query=%E0%B8%9A%E0%B8%B4%E0%B9%8A%E0%B8%81%E0%B8%88%E0%B8%AD%E0%B8%99%20%E0%B9%80%E0%B8%9E%E0%B9%87%E0%B8%97%20%E0%B9%80%E0%B8%A5%E0%B8%82%E0%B8%97%E0%B8%B5%E0%B9%8880%E0%B8%96%E0%B8%99%E0%B8%99%E0%B8%AB%E0%B9%89%E0%B8%A7%E0%B8%A2%E0%B9%82%E0%B8%9B%E0%B9%88%E0%B8%87-%E0%B8%AB%E0%B8%99%E0%B8%AD%E0%B8%87%E0%B8%9A%E0%B8%AD%E0%B8%99,พิกัดต้นทาง + พิกัดปลายทาง
SKN,ปอดา เพ็ทช็อป,ปอดา เพ็ทช็อป,,,https://www.google.com/maps/search/?api=1&query=%E0%B8%9B%E0%B8%AD%E0%B8%94%E0%B8%B2%20%E0%B9%80%E0%B8%9E%E0%B9%87%E0%B8%97%E0%B8%8A%E0%B9%87%E0%B8%AD%E0%B8%9B%2069/120%E0%B8%96.%E0%B8%94%E0%B8%B2%E0%B8%A7%E0%B8%94%E0%B8%B6%E0%B8%87%E0%B8%AA%E0%B9%8C,ปอดา เพ็ทช็อป,,,https://www.google.com/maps/search/?api=1&query=%E0%B8%9B%E0%B8%AD%E0%B8%94%E0%B8%B2%20%E0%B9%80%E0%B8%9E%E0%B9%87%E0%B8%97%E0%B8%8A%E0%B9%87%E0%B8%AD%E0%B8%9B%2069/120%E0%B8%96.%E0%B8%94%E0%B8%B2%E0%B8%A7%E0%B8%94%E0%B8%B6%E0%B8%87%E0%B8%AA%E0%B9%8C,พิกัดต้นทาง + พิกัดปลายทาง
SKN,ปัณณ์ ปอนด์ เพ็ทช็อป,ปัณณ์ ปอนด์ เพ็ทช็อป,,,https://www.google.com/maps/search/?api=1&query=%E0%B8%9B%E0%B8%B1%E0%B8%93%E0%B8%93%E0%B9%8C%20%E0%B8%9B%E0%B8%AD%E0%B8%99%E0%B8%94%E0%B9%8C%20%E0%B9%80%E0%B8%9E%E0%B9%87%E0%B8%97%E0%B8%8A%E0%B9%87%E0%B8%AD%E0%B8%9B%2016/9%E0%B8%AB%E0%B8%A1%E0%B8%B9%E0%B9%889,ปัณณ์ ปอนด์ เพ็ทช็อป,,,https://www.google.com/maps/search/?api=1&query=%E0%B8%9B%E0%B8%B1%E0%B8%93%E0%B8%93%E0%B9%8C%20%E0%B8%9B%E0%B8%AD%E0%B8%99%E0%B8%94%E0%B9%8C%20%E0%B9%80%E0%B8%9E%E0%B9%87%E0%B8%97%E0%B8%8A%E0%B9%87%E0%B8%AD%E0%B8%9B%2016/9%E0%B8%AB%E0%B8%A1%E0%B8%B9%E0%B9%889,พิกัดต้นทาง + พิกัดปลายทาง
SKN,ปิ่นโต ข้าวสาร,ปิ่นโต ข้าวสาร,,,https://www.google.com/maps/search/?api=1&query=%E0%B8%9B%E0%B8%B4%E0%B9%88%E0%B8%99%E0%B9%82%E0%B8%95%20%E0%B8%82%E0%B9%89%E0%B8%B2%E0%B8%A7%E0%B8%AA%E0%B8%B2%E0%B8%A3%20%E0%B9%80%E0%B8%A5%E0%B8%82%E0%B8%97%E0%B8%B5%E0%B9%8837/350%E0%B8%AB%E0%B8%A1%E0%B8%B9%E0%B9%88%E0%B8%9A%E0%B9%89%E0%B8%B2%E0%B8%99%E0%B8%9E%E0%B8%A4%E0%B8%81%E0%B8%A9%E0%B8%B213,ปิ่นโต ข้าวสาร,,,https://www.google.com/maps/search/?api=1&query=%E0%B8%9B%E0%B8%B4%E0%B9%88%E0%B8%99%E0%B9%82%E0%B8%95%20%E0%B8%82%E0%B9%89%E0%B8%B2%E0%B8%A7%E0%B8%AA%E0%B8%B2%E0%B8%A3%20%E0%B9%80%E0%B8%A5%E0%B8%82%E0%B8%97%E0%B8%B5%E0%B9%8837/350%E0%B8%AB%E0%B8%A1%E0%B8%B9%E0%B9%88%E0%B8%9A%E0%B9%89%E0%B8%B2%E0%B8%99%E0%B8%9E%E0%B8%A4%E0%B8%81%E0%B8%A9%E0%B8%B213,พิกัดต้นทาง + พิกัดปลายทาง
SKN,ผู้หมวด เพ็ทช็อป BY หมวดเพลิน,ผู้หมวด เพ็ทช็อป BY หมวดเพลิน,,,https://www.google.com/maps/search/?api=1&query=%E0%B8%9C%E0%B8%B9%E0%B9%89%E0%B8%AB%E0%B8%A1%E0%B8%A7%E0%B8%94%20%E0%B9%80%E0%B8%9E%E0%B9%87%E0%B8%97%E0%B8%8A%E0%B9%87%E0%B8%AD%E0%B8%9B%20BY%20%E0%B8%AB%E0%B8%A1%E0%B8%A7%E0%B8%94%E0%B9%80%E0%B8%9E%E0%B8%A5%E0%B8%B4%E0%B8%99%20%E0%B9%80%E0%B8%A5%E0%B8%82%E0%B8%97%E0%B8%B5%E0%B9%8862/65%E0%B8%AB%E0%B8%A1%E0%B8%B9%E0%B9%88%E0%B8%97%E0%B8%B5%E0%B9%884,ผู้หมวด เพ็ทช็อป BY หมวดเพลิน,,,https://www.google.com/maps/search/?api=1&query=%E0%B8%9C%E0%B8%B9%E0%B9%89%E0%B8%AB%E0%B8%A1%E0%B8%A7%E0%B8%94%20%E0%B9%80%E0%B8%9E%E0%B9%87%E0%B8%97%E0%B8%8A%E0%B9%87%E0%B8%AD%E0%B8%9B%20BY%20%E0%B8%AB%E0%B8%A1%E0%B8%A7%E0%B8%94%E0%B9%80%E0%B8%9E%E0%B8%A5%E0%B8%B4%E0%B8%99%20%E0%B9%80%E0%B8%A5%E0%B8%82%E0%B8%97%E0%B8%B5%E0%B9%8862/65%E0%B8%AB%E0%B8%A1%E0%B8%B9%E0%B9%88%E0%B8%97%E0%B8%B5%E0%B9%884,พิกัดต้นทาง + พิกัดปลายทาง
SKN,พชรเพ็ทช็อป,พชรเพ็ทช็อป,,,https://www.google.com/maps/search/?api=1&query=%E0%B8%9E%E0%B8%8A%E0%B8%A3%E0%B9%80%E0%B8%9E%E0%B9%87%E0%B8%97%E0%B8%8A%E0%B9%87%E0%B8%AD%E0%B8%9B%20%23N/A1068,พชรเพ็ทช็อป,,,https://www.google.com/maps/search/?api=1&query=%E0%B8%9E%E0%B8%8A%E0%B8%A3%E0%B9%80%E0%B8%9E%E0%B9%87%E0%B8%97%E0%B8%8A%E0%B9%87%E0%B8%AD%E0%B8%9B%20%23N/A1068,พิกัดต้นทาง + พิกัดปลายทาง
SKN,พรวศินเพ็ทช็อป สาขา 4 ประปานคร,พรวศินเพ็ทช็อป สาขา 4 ประปานคร,,,https://www.google.com/maps/search/?api=1&query=%E0%B8%9E%E0%B8%A3%E0%B8%A7%E0%B8%A8%E0%B8%B4%E0%B8%99%E0%B9%80%E0%B8%9E%E0%B9%87%E0%B8%97%E0%B8%8A%E0%B9%87%E0%B8%AD%E0%B8%9B%20%E0%B8%AA%E0%B8%B2%E0%B8%82%E0%B8%B2%204%20%E0%B8%9B%E0%B8%A3%E0%B8%B0%E0%B8%9B%E0%B8%B2%E0%B8%99%E0%B8%84%E0%B8%A3%2037/9%E0%B8%96.%E0%B8%99%E0%B8%B2%E0%B8%AA%E0%B8%A3%E0%B9%89%E0%B8%B2%E0%B8%87,พรวศินเพ็ทช็อป สาขา 4 ประปานคร,,,https://www.google.com/maps/search/?api=1&query=%E0%B8%9E%E0%B8%A3%E0%B8%A7%E0%B8%A8%E0%B8%B4%E0%B8%99%E0%B9%80%E0%B8%9E%E0%B9%87%E0%B8%97%E0%B8%8A%E0%B9%87%E0%B8%AD%E0%B8%9B%20%E0%B8%AA%E0%B8%B2%E0%B8%82%E0%B8%B2%204%20%E0%B8%9B%E0%B8%A3%E0%B8%B0%E0%B8%9B%E0%B8%B2%E0%B8%99%E0%B8%84%E0%B8%A3%2037/9%E0%B8%96.%E0%B8%99%E0%B8%B2%E0%B8%AA%E0%B8%A3%E0%B9%89%E0%B8%B2%E0%B8%87,พิกัดต้นทาง + พิกัดปลายทาง
SKN,พรวศินเพ็ทช็อป สาขาประปานคร,พรวศินเพ็ทช็อป สาขาประปานคร,,,https://www.google.com/maps/search/?api=1&query=%E0%B8%9E%E0%B8%A3%E0%B8%A7%E0%B8%A8%E0%B8%B4%E0%B8%99%E0%B9%80%E0%B8%9E%E0%B9%87%E0%B8%97%E0%B8%8A%E0%B9%87%E0%B8%AD%E0%B8%9B%20%E0%B8%AA%E0%B8%B2%E0%B8%82%E0%B8%B2%E0%B8%9B%E0%B8%A3%E0%B8%B0%E0%B8%9B%E0%B8%B2%E0%B8%99%E0%B8%84%E0%B8%A3%2037/9%E0%B8%96.%E0%B8%99%E0%B8%B2%E0%B8%AA%E0%B8%A3%E0%B9%89%E0%B8%B2%E0%B8%87,พรวศินเพ็ทช็อป สาขาประปานคร,,,https://www.google.com/maps/search/?api=1&query=%E0%B8%9E%E0%B8%A3%E0%B8%A7%E0%B8%A8%E0%B8%B4%E0%B8%99%E0%B9%80%E0%B8%9E%E0%B9%87%E0%B8%97%E0%B8%8A%E0%B9%87%E0%B8%AD%E0%B8%9B%20%E0%B8%AA%E0%B8%B2%E0%B8%82%E0%B8%B2%E0%B8%9B%E0%B8%A3%E0%B8%B0%E0%B8%9B%E0%B8%B2%E0%B8%99%E0%B8%84%E0%B8%A3%2037/9%E0%B8%96.%E0%B8%99%E0%B8%B2%E0%B8%AA%E0%B8%A3%E0%B9%89%E0%B8%B2%E0%B8%87,พิกัดต้นทาง + พิกัดปลายทาง
SKN,พีพี เพ็ท ซัพพลาย,พีพี เพ็ท ซัพพลาย,,,https://www.google.com/maps/search/?api=1&query=%E0%B8%9E%E0%B8%B5%E0%B8%9E%E0%B8%B5%20%E0%B9%80%E0%B8%9E%E0%B9%87%E0%B8%97%20%E0%B8%8B%E0%B8%B1%E0%B8%9E%E0%B8%9E%E0%B8%A5%E0%B8%B2%E0%B8%A2%20192%E0%B8%96.%E0%B8%AA%E0%B8%B8%E0%B8%82%E0%B8%B8%E0%B8%A1%E0%B8%A7%E0%B8%B4%E0%B8%97,พีพี เพ็ท ซัพพลาย,,,https://www.google.com/maps/search/?api=1&query=%E0%B8%9E%E0%B8%B5%E0%B8%9E%E0%B8%B5%20%E0%B9%80%E0%B8%9E%E0%B9%87%E0%B8%97%20%E0%B8%8B%E0%B8%B1%E0%B8%9E%E0%B8%9E%E0%B8%A5%E0%B8%B2%E0%B8%A2%20192%E0%B8%96.%E0%B8%AA%E0%B8%B8%E0%B8%82%E0%B8%B8%E0%B8%A1%E0%B8%A7%E0%B8%B4%E0%B8%97,พิกัดต้นทาง + พิกัดปลายทาง
SKN,เพชรค้าข้าว,เพชรค้าข้าว,,,https://www.google.com/maps/search/?api=1&query=%E0%B9%80%E0%B8%9E%E0%B8%8A%E0%B8%A3%E0%B8%84%E0%B9%89%E0%B8%B2%E0%B8%82%E0%B9%89%E0%B8%B2%E0%B8%A7%20%E0%B9%80%E0%B8%A5%E0%B8%82%E0%B8%97%E0%B8%B5%E0%B9%88113/20%E0%B8%AB%E0%B8%A1%E0%B8%B9%E0%B9%88%E0%B8%97%E0%B8%B5%E0%B9%884,เพชรค้าข้าว,,,https://www.google.com/maps/search/?api=1&query=%E0%B9%80%E0%B8%9E%E0%B8%8A%E0%B8%A3%E0%B8%84%E0%B9%89%E0%B8%B2%E0%B8%82%E0%B9%89%E0%B8%B2%E0%B8%A7%20%E0%B9%80%E0%B8%A5%E0%B8%82%E0%B8%97%E0%B8%B5%E0%B9%88113/20%E0%B8%AB%E0%B8%A1%E0%B8%B9%E0%B9%88%E0%B8%97%E0%B8%B5%E0%B9%884,พิกัดต้นทาง + พิกัดปลายทาง
SKN,เพ็ญศรี วัสดุ,เพ็ญศรี วัสดุ,,,https://www.google.com/maps/search/?api=1&query=%E0%B9%80%E0%B8%9E%E0%B9%87%E0%B8%8D%E0%B8%A8%E0%B8%A3%E0%B8%B5%20%E0%B8%A7%E0%B8%B1%E0%B8%AA%E0%B8%94%E0%B8%B8%20%E0%B9%80%E0%B8%A5%E0%B8%82%E0%B8%97%E0%B8%B5%E0%B9%88203%E0%B8%A1.9,เพ็ญศรี วัสดุ,,,https://www.google.com/maps/search/?api=1&query=%E0%B9%80%E0%B8%9E%E0%B9%87%E0%B8%8D%E0%B8%A8%E0%B8%A3%E0%B8%B5%20%E0%B8%A7%E0%B8%B1%E0%B8%AA%E0%B8%94%E0%B8%B8%20%E0%B9%80%E0%B8%A5%E0%B8%82%E0%B8%97%E0%B8%B5%E0%B9%88203%E0%B8%A1.9,พิกัดต้นทาง + พิกัดปลายทาง
SKN,เพ็ทคลับ ซีคอน ศรีนครินทร์,เพ็ทคลับ ซีคอน ศรีนครินทร์,,,https://www.google.com/maps/search/?api=1&query=%E0%B9%80%E0%B8%9E%E0%B9%87%E0%B8%97%E0%B8%84%E0%B8%A5%E0%B8%B1%E0%B8%9A%20%E0%B8%8B%E0%B8%B5%E0%B8%84%E0%B8%AD%E0%B8%99%20%E0%B8%A8%E0%B8%A3%E0%B8%B5%E0%B8%99%E0%B8%84%E0%B8%A3%E0%B8%B4%E0%B8%99%E0%B8%97%E0%B8%A3%E0%B9%8C%2055%20%E0%B8%A8%E0%B8%B9%E0%B8%99%E0%B8%A2%E0%B9%8C%E0%B8%81%E0%B8%B2%E0%B8%A3%E0%B8%84%E0%B9%89%E0%B8%B2%E0%B8%8B%E0%B8%B5%E0%B8%84%E0%B8%AD%E0%B8%99%E0%B8%AA%E0%B9%81%E0%B8%84%E0%B8%A7%E0%B8%A3%E0%B9%8C%20%E0%B8%AB%E0%B9%89%E0%B8%AD%E0%B8%87%20%E0%B8%9A%E0%B8%B5%200044-%E0%B8%9A%E0%B8%B50047%20%E0%B8%96.%20%E0%B8%A8%E0%B8%A3%E0%B8%B5%E0%B8%99%E0%B8%84%E0%B8%A3%E0%B8%B4%E0%B8%99%E0%B8%97%E0%B8%A3%E0%B9%8C,เพ็ทคลับ ซีคอน ศรีนครินทร์,,,https://www.google.com/maps/search/?api=1&query=%E0%B9%80%E0%B8%9E%E0%B9%87%E0%B8%97%E0%B8%84%E0%B8%A5%E0%B8%B1%E0%B8%9A%20%E0%B8%8B%E0%B8%B5%E0%B8%84%E0%B8%AD%E0%B8%99%20%E0%B8%A8%E0%B8%A3%E0%B8%B5%E0%B8%99%E0%B8%84%E0%B8%A3%E0%B8%B4%E0%B8%99%E0%B8%97%E0%B8%A3%E0%B9%8C%2055%20%E0%B8%A8%E0%B8%B9%E0%B8%99%E0%B8%A2%E0%B9%8C%E0%B8%81%E0%B8%B2%E0%B8%A3%E0%B8%84%E0%B9%89%E0%B8%B2%E0%B8%8B%E0%B8%B5%E0%B8%84%E0%B8%AD%E0%B8%99%E0%B8%AA%E0%B9%81%E0%B8%84%E0%B8%A7%E0%B8%A3%E0%B9%8C%20%E0%B8%AB%E0%B9%89%E0%B8%AD%E0%B8%87%20%E0%B8%9A%E0%B8%B5%200044-%E0%B8%9A%E0%B8%B50047%20%E0%B8%96.%20%E0%B8%A8%E0%B8%A3%E0%B8%B5%E0%B8%99%E0%B8%84%E0%B8%A3%E0%B8%B4%E0%B8%99%E0%B8%97%E0%B8%A3%E0%B9%8C,พิกัดต้นทาง + พิกัดปลายทาง
SKN,เพ็ทคลับ เดอะพรอมานาด,เพ็ทคลับ เดอะพรอมานาด,,,https://www.google.com/maps/search/?api=1&query=%E0%B9%80%E0%B8%9E%E0%B9%87%E0%B8%97%E0%B8%84%E0%B8%A5%E0%B8%B1%E0%B8%9A%20%E0%B9%80%E0%B8%94%E0%B8%AD%E0%B8%B0%E0%B8%9E%E0%B8%A3%E0%B8%AD%E0%B8%A1%E0%B8%B2%E0%B8%99%E0%B8%B2%E0%B8%94%20RMGH%2BJ2Q%20%E0%B8%A8%E0%B8%B9%E0%B8%99%E0%B8%A2%E0%B9%8C%E0%B8%81%E0%B8%B2%E0%B8%A3%E0%B8%84%E0%B9%89%E0%B8%B2%E0%B9%80%E0%B8%94%E0%B8%AD%E0%B8%B0%E0%B8%9E%E0%B8%A3%E0%B8%AD%E0%B8%A1%E0%B8%B2%E0%B8%99%E0%B8%B2%E0%B8%94%20%E0%B8%8A%E0%B8%B1%E0%B9%89%E0%B8%99%E0%B8%97%E0%B8%B5%E0%B9%88%201%20%E0%B8%AB%E0%B9%89%E0%B8%AD%E0%B8%87%E0%B9%80%E0%B8%A5%E0%B8%82%E0%B8%97%E0%B8%B5%E0%B9%88%20%E0%B8%9E%E0%B8%B5%201054%20%E0%B8%96.%20%E0%B8%A3%E0%B8%B2%E0%B8%A1%E0%B8%AD%E0%B8%B4%E0%B8%99%E0%B8%97%E0%B8%A3%E0%B8%B2,เพ็ทคลับ เดอะพรอมานาด,,,https://www.google.com/maps/search/?api=1&query=%E0%B9%80%E0%B8%9E%E0%B9%87%E0%B8%97%E0%B8%84%E0%B8%A5%E0%B8%B1%E0%B8%9A%20%E0%B9%80%E0%B8%94%E0%B8%AD%E0%B8%B0%E0%B8%9E%E0%B8%A3%E0%B8%AD%E0%B8%A1%E0%B8%B2%E0%B8%99%E0%B8%B2%E0%B8%94%20RMGH%2BJ2Q%20%E0%B8%A8%E0%B8%B9%E0%B8%99%E0%B8%A2%E0%B9%8C%E0%B8%81%E0%B8%B2%E0%B8%A3%E0%B8%84%E0%B9%89%E0%B8%B2%E0%B9%80%E0%B8%94%E0%B8%AD%E0%B8%B0%E0%B8%9E%E0%B8%A3%E0%B8%AD%E0%B8%A1%E0%B8%B2%E0%B8%99%E0%B8%B2%E0%B8%94%20%E0%B8%8A%E0%B8%B1%E0%B9%89%E0%B8%99%E0%B8%97%E0%B8%B5%E0%B9%88%201%20%E0%B8%AB%E0%B9%89%E0%B8%AD%E0%B8%87%E0%B9%80%E0%B8%A5%E0%B8%82%E0%B8%97%E0%B8%B5%E0%B9%88%20%E0%B8%9E%E0%B8%B5%201054%20%E0%B8%96.%20%E0%B8%A3%E0%B8%B2%E0%B8%A1%E0%B8%AD%E0%B8%B4%E0%B8%99%E0%B8%97%E0%B8%A3%E0%B8%B2,พิกัดต้นทาง + พิกัดปลายทาง
SKN,เพ็ทคลับเมกาบางนา,เพ็ทคลับเมกาบางนา,,,https://www.google.com/maps/search/?api=1&query=%E0%B9%80%E0%B8%9E%E0%B9%87%E0%B8%97%E0%B8%84%E0%B8%A5%E0%B8%B1%E0%B8%9A%E0%B9%80%E0%B8%A1%E0%B8%81%E0%B8%B2%E0%B8%9A%E0%B8%B2%E0%B8%87%E0%B8%99%E0%B8%B2%20Unit%20%230902%2C%2038%2C%2038%20/%201-3%2C%2039%20%E0%B8%97%E0%B8%B2%E0%B8%87%E0%B8%84%E0%B8%B9%E0%B9%88%E0%B8%82%E0%B8%99%E0%B8%B2%E0%B8%99%20%E0%B8%96%E0%B8%99%E0%B8%99%E0%B8%9A%E0%B8%B2%E0%B8%87%E0%B8%99%E0%B8%B2-%E0%B8%95%E0%B8%A3%E0%B8%B2%E0%B8%94,เพ็ทคลับเมกาบางนา,,,https://www.google.com/maps/search/?api=1&query=%E0%B9%80%E0%B8%9E%E0%B9%87%E0%B8%97%E0%B8%84%E0%B8%A5%E0%B8%B1%E0%B8%9A%E0%B9%80%E0%B8%A1%E0%B8%81%E0%B8%B2%E0%B8%9A%E0%B8%B2%E0%B8%87%E0%B8%99%E0%B8%B2%20Unit%20%230902%2C%2038%2C%2038%20/%201-3%2C%2039%20%E0%B8%97%E0%B8%B2%E0%B8%87%E0%B8%84%E0%B8%B9%E0%B9%88%E0%B8%82%E0%B8%99%E0%B8%B2%E0%B8%99%20%E0%B8%96%E0%B8%99%E0%B8%99%E0%B8%9A%E0%B8%B2%E0%B8%87%E0%B8%99%E0%B8%B2-%E0%B8%95%E0%B8%A3%E0%B8%B2%E0%B8%94,พิกัดต้นทาง + พิกัดปลายทาง
SKN,เพ็ทคาซ่า,เพ็ทคาซ่า,,,https://www.google.com/maps/search/?api=1&query=%E0%B9%80%E0%B8%9E%E0%B9%87%E0%B8%97%E0%B8%84%E0%B8%B2%E0%B8%8B%E0%B9%88%E0%B8%B2%2029/15%E0%B8%AB%E0%B8%A1%E0%B8%B9%E0%B9%88%E0%B8%97%E0%B8%B5%E0%B9%8818,เพ็ทคาซ่า,,,https://www.google.com/maps/search/?api=1&query=%E0%B9%80%E0%B8%9E%E0%B9%87%E0%B8%97%E0%B8%84%E0%B8%B2%E0%B8%8B%E0%B9%88%E0%B8%B2%2029/15%E0%B8%AB%E0%B8%A1%E0%B8%B9%E0%B9%88%E0%B8%97%E0%B8%B5%E0%B9%8818,พิกัดต้นทาง + พิกัดปลายทาง
SKN,เพ็ทชัวร์,เพ็ทชัวร์,,,https://www.google.com/maps/search/?api=1&query=%E0%B9%80%E0%B8%9E%E0%B9%87%E0%B8%97%E0%B8%8A%E0%B8%B1%E0%B8%A7%E0%B8%A3%E0%B9%8C%2031%E0%B8%AB%E0%B8%A1%E0%B8%B9%E0%B9%889%20%E0%B9%82%E0%B8%8B%E0%B8%99%E0%B8%AA%E0%B8%B1%E0%B8%95%E0%B8%A7%E0%B9%8C%E0%B9%80%E0%B8%A5%E0%B8%B5%E0%B9%89%E0%B8%A2%E0%B8%87%20%E0%B8%95%E0%B8%A5%E0%B8%B2%E0%B8%94%E0%B9%84%E0%B8%97,เพ็ทชัวร์,,,https://www.google.com/maps/search/?api=1&query=%E0%B9%80%E0%B8%9E%E0%B9%87%E0%B8%97%E0%B8%8A%E0%B8%B1%E0%B8%A7%E0%B8%A3%E0%B9%8C%2031%E0%B8%AB%E0%B8%A1%E0%B8%B9%E0%B9%889%20%E0%B9%82%E0%B8%8B%E0%B8%99%E0%B8%AA%E0%B8%B1%E0%B8%95%E0%B8%A7%E0%B9%8C%E0%B9%80%E0%B8%A5%E0%B8%B5%E0%B9%89%E0%B8%A2%E0%B8%87%20%E0%B8%95%E0%B8%A5%E0%B8%B2%E0%B8%94%E0%B9%84%E0%B8%97,พิกัดต้นทาง + พิกัดปลายทาง
SKN,เพ็ทซีซั่น,เพ็ทซีซั่น,,,https://www.google.com/maps/search/?api=1&query=%E0%B9%80%E0%B8%9E%E0%B9%87%E0%B8%97%E0%B8%8B%E0%B8%B5%E0%B8%8B%E0%B8%B1%E0%B9%88%E0%B8%99%201/1%28%E0%B8%AB%E0%B9%89%E0%B8%AD%E0%B8%87CA12-%E0%B8%95%E0%B8%A5%E0%B8%B2%E0%B8%94%E0%B8%95%E0%B9%89%E0%B8%99%E0%B8%AA%E0%B8%B1%E0%B8%81%29%E0%B8%8B%E0%B8%AD%E0%B8%A2%E0%B8%99%E0%B8%99%E0%B8%97%E0%B8%9A%E0%B8%B8%E0%B8%A3%E0%B8%B515,เพ็ทซีซั่น,,,https://www.google.com/maps/search/?api=1&query=%E0%B9%80%E0%B8%9E%E0%B9%87%E0%B8%97%E0%B8%8B%E0%B8%B5%E0%B8%8B%E0%B8%B1%E0%B9%88%E0%B8%99%201/1%28%E0%B8%AB%E0%B9%89%E0%B8%AD%E0%B8%87CA12-%E0%B8%95%E0%B8%A5%E0%B8%B2%E0%B8%94%E0%B8%95%E0%B9%89%E0%B8%99%E0%B8%AA%E0%B8%B1%E0%B8%81%29%E0%B8%8B%E0%B8%AD%E0%B8%A2%E0%B8%99%E0%B8%99%E0%B8%97%E0%B8%9A%E0%B8%B8%E0%B8%A3%E0%B8%B515,พิกัดต้นทาง + พิกัดปลายทาง
SKN,เพ็ทยืนหนึ่ง,เพ็ทยืนหนึ่ง,,,https://www.google.com/maps/search/?api=1&query=%E0%B9%80%E0%B8%9E%E0%B9%87%E0%B8%97%E0%B8%A2%E0%B8%B7%E0%B8%99%E0%B8%AB%E0%B8%99%E0%B8%B6%E0%B9%88%E0%B8%87%20%E0%B9%80%E0%B8%A5%E0%B8%82%E0%B8%97%E0%B8%B5%E0%B9%8811/11,เพ็ทยืนหนึ่ง,,,https://www.google.com/maps/search/?api=1&query=%E0%B9%80%E0%B8%9E%E0%B9%87%E0%B8%97%E0%B8%A2%E0%B8%B7%E0%B8%99%E0%B8%AB%E0%B8%99%E0%B8%B6%E0%B9%88%E0%B8%87%20%E0%B9%80%E0%B8%A5%E0%B8%82%E0%B8%97%E0%B8%B5%E0%B9%8811/11,พิกัดต้นทาง + พิกัดปลายทาง
SKN,เพ็ทรูม (Pet room) สาขาบางปะอิน,เพ็ทรูม (Pet room) สาขาบางปะอิน,,,https://www.google.com/maps/search/?api=1&query=%E0%B9%80%E0%B8%9E%E0%B9%87%E0%B8%97%E0%B8%A3%E0%B8%B9%E0%B8%A1%20%28Pet%20room%29%20%E0%B8%AA%E0%B8%B2%E0%B8%82%E0%B8%B2%E0%B8%9A%E0%B8%B2%E0%B8%87%E0%B8%9B%E0%B8%B0%E0%B8%AD%E0%B8%B4%E0%B8%99%20141/34%E0%B8%A1.2,เพ็ทรูม (Pet room) สาขาบางปะอิน,,,https://www.google.com/maps/search/?api=1&query=%E0%B9%80%E0%B8%9E%E0%B9%87%E0%B8%97%E0%B8%A3%E0%B8%B9%E0%B8%A1%20%28Pet%20room%29%20%E0%B8%AA%E0%B8%B2%E0%B8%82%E0%B8%B2%E0%B8%9A%E0%B8%B2%E0%B8%87%E0%B8%9B%E0%B8%B0%E0%B8%AD%E0%B8%B4%E0%B8%99%20141/34%E0%B8%A1.2,พิกัดต้นทาง + พิกัดปลายทาง
SKN,เพ็ทส์กิน แอนด์ ทรัพย์สโตร์,เพ็ทส์กิน แอนด์ ทรัพย์สโตร์,,,https://www.google.com/maps/search/?api=1&query=%E0%B9%80%E0%B8%9E%E0%B9%87%E0%B8%97%E0%B8%AA%E0%B9%8C%E0%B8%81%E0%B8%B4%E0%B8%99%20%E0%B9%81%E0%B8%AD%E0%B8%99%E0%B8%94%E0%B9%8C%20%E0%B8%97%E0%B8%A3%E0%B8%B1%E0%B8%9E%E0%B8%A2%E0%B9%8C%E0%B8%AA%E0%B9%82%E0%B8%95%E0%B8%A3%E0%B9%8C%2078%E0%B8%AB%E0%B8%A1%E0%B8%B9%E0%B9%884%E0%B8%AD%E0%B8%B2%E0%B8%84%E0%B8%B2%E0%B8%A3%E0%B9%84%E0%B8%97%E0%B8%A7%E0%B8%B1%E0%B8%AA%E0%B8%94%E0%B8%B8%E0%B8%AA%E0%B8%B2%E0%B8%82%E0%B8%B2%E0%B9%81%E0%B8%88%E0%B9%89%E0%B8%87%E0%B8%A7%E0%B8%B1%E0%B8%92%E0%B8%99%E0%B8%B0,เพ็ทส์กิน แอนด์ ทรัพย์สโตร์,,,https://www.google.com/maps/search/?api=1&query=%E0%B9%80%E0%B8%9E%E0%B9%87%E0%B8%97%E0%B8%AA%E0%B9%8C%E0%B8%81%E0%B8%B4%E0%B8%99%20%E0%B9%81%E0%B8%AD%E0%B8%99%E0%B8%94%E0%B9%8C%20%E0%B8%97%E0%B8%A3%E0%B8%B1%E0%B8%9E%E0%B8%A2%E0%B9%8C%E0%B8%AA%E0%B9%82%E0%B8%95%E0%B8%A3%E0%B9%8C%2078%E0%B8%AB%E0%B8%A1%E0%B8%B9%E0%B9%884%E0%B8%AD%E0%B8%B2%E0%B8%84%E0%B8%B2%E0%B8%A3%E0%B9%84%E0%B8%97%E0%B8%A7%E0%B8%B1%E0%B8%AA%E0%B8%94%E0%B8%B8%E0%B8%AA%E0%B8%B2%E0%B8%82%E0%B8%B2%E0%B9%81%E0%B8%88%E0%B9%89%E0%B8%87%E0%B8%A7%E0%B8%B1%E0%B8%92%E0%B8%99%E0%B8%B0,พิกัดต้นทาง + พิกัดปลายทาง
SKN,เพ็ทสเตชัน สาขาสนามบินน้ำ,เพ็ทสเตชัน สาขาสนามบินน้ำ,,,https://www.google.com/maps/search/?api=1&query=%E0%B9%80%E0%B8%9E%E0%B9%87%E0%B8%97%E0%B8%AA%E0%B9%80%E0%B8%95%E0%B8%8A%E0%B8%B1%E0%B8%99%20%E0%B8%AA%E0%B8%B2%E0%B8%82%E0%B8%B2%E0%B8%AA%E0%B8%99%E0%B8%B2%E0%B8%A1%E0%B8%9A%E0%B8%B4%E0%B8%99%E0%B8%99%E0%B9%89%E0%B8%B3%20339/2,เพ็ทสเตชัน สาขาสนามบินน้ำ,,,https://www.google.com/maps/search/?api=1&query=%E0%B9%80%E0%B8%9E%E0%B9%87%E0%B8%97%E0%B8%AA%E0%B9%80%E0%B8%95%E0%B8%8A%E0%B8%B1%E0%B8%99%20%E0%B8%AA%E0%B8%B2%E0%B8%82%E0%B8%B2%E0%B8%AA%E0%B8%99%E0%B8%B2%E0%B8%A1%E0%B8%9A%E0%B8%B4%E0%B8%99%E0%B8%99%E0%B9%89%E0%B8%B3%20339/2,พิกัดต้นทาง + พิกัดปลายทาง
SKN,ฟิช มาร์ท สาขาที่ 2,ฟิช มาร์ท สาขาที่ 2,,,https://www.google.com/maps/search/?api=1&query=%E0%B8%9F%E0%B8%B4%E0%B8%8A%20%E0%B8%A1%E0%B8%B2%E0%B8%A3%E0%B9%8C%E0%B8%97%20%E0%B8%AA%E0%B8%B2%E0%B8%82%E0%B8%B2%E0%B8%97%E0%B8%B5%E0%B9%88%202%20%E0%B9%80%E0%B8%9E%E0%B9%87%E0%B8%97%E0%B8%A1%E0%B8%B2%E0%B8%A3%E0%B9%8C%E0%B8%973/6%E0%B8%A1.2,ฟิช มาร์ท สาขาที่ 2,,,https://www.google.com/maps/search/?api=1&query=%E0%B8%9F%E0%B8%B4%E0%B8%8A%20%E0%B8%A1%E0%B8%B2%E0%B8%A3%E0%B9%8C%E0%B8%97%20%E0%B8%AA%E0%B8%B2%E0%B8%82%E0%B8%B2%E0%B8%97%E0%B8%B5%E0%B9%88%202%20%E0%B9%80%E0%B8%9E%E0%B9%87%E0%B8%97%E0%B8%A1%E0%B8%B2%E0%B8%A3%E0%B9%8C%E0%B8%973/6%E0%B8%A1.2,พิกัดต้นทาง + พิกัดปลายทาง
SKN,ฟิต วัน เพ็ทมาร์ท,ฟิต วัน เพ็ทมาร์ท,,,https://www.google.com/maps/search/?api=1&query=%E0%B8%9F%E0%B8%B4%E0%B8%95%20%E0%B8%A7%E0%B8%B1%E0%B8%99%20%E0%B9%80%E0%B8%9E%E0%B9%87%E0%B8%97%E0%B8%A1%E0%B8%B2%E0%B8%A3%E0%B9%8C%E0%B8%97%20%E0%B9%80%E0%B8%A5%E0%B8%82%E0%B8%97%E0%B8%B5%E0%B9%8873/19%E0%B8%A1.3,ฟิต วัน เพ็ทมาร์ท,,,https://www.google.com/maps/search/?api=1&query=%E0%B8%9F%E0%B8%B4%E0%B8%95%20%E0%B8%A7%E0%B8%B1%E0%B8%99%20%E0%B9%80%E0%B8%9E%E0%B9%87%E0%B8%97%E0%B8%A1%E0%B8%B2%E0%B8%A3%E0%B9%8C%E0%B8%97%20%E0%B9%80%E0%B8%A5%E0%B8%82%E0%B8%97%E0%B8%B5%E0%B9%8873/19%E0%B8%A1.3,พิกัดต้นทาง + พิกัดปลายทาง
SKN,เฟอแจ๊ค,เฟอแจ๊ค,,,https://www.google.com/maps/search/?api=1&query=%E0%B9%80%E0%B8%9F%E0%B8%AD%E0%B9%81%E0%B8%88%E0%B9%8A%E0%B8%84%20210/27%E0%B8%A1.7,เฟอแจ๊ค,,,https://www.google.com/maps/search/?api=1&query=%E0%B9%80%E0%B8%9F%E0%B8%AD%E0%B9%81%E0%B8%88%E0%B9%8A%E0%B8%84%20210/27%E0%B8%A1.7,พิกัดต้นทาง + พิกัดปลายทาง
SKN,ภูเก็ตโกรเซอรี่ สาขาถลาง,ภูเก็ตโกรเซอรี่ สาขาถลาง,,,https://www.google.com/maps/search/?api=1&query=%E0%B8%A0%E0%B8%B9%E0%B9%80%E0%B8%81%E0%B9%87%E0%B8%95%E0%B9%82%E0%B8%81%E0%B8%A3%E0%B9%80%E0%B8%8B%E0%B8%AD%E0%B8%A3%E0%B8%B5%E0%B9%88%20%E0%B8%AA%E0%B8%B2%E0%B8%82%E0%B8%B2%E0%B8%96%E0%B8%A5%E0%B8%B2%E0%B8%87%20177/10%E0%B8%AB%E0%B8%A1%E0%B8%B9%E0%B9%881,ภูเก็ตโกรเซอรี่ สาขาถลาง,,,https://www.google.com/maps/search/?api=1&query=%E0%B8%A0%E0%B8%B9%E0%B9%80%E0%B8%81%E0%B9%87%E0%B8%95%E0%B9%82%E0%B8%81%E0%B8%A3%E0%B9%80%E0%B8%8B%E0%B8%AD%E0%B8%A3%E0%B8%B5%E0%B9%88%20%E0%B8%AA%E0%B8%B2%E0%B8%82%E0%B8%B2%E0%B8%96%E0%B8%A5%E0%B8%B2%E0%B8%87%20177/10%E0%B8%AB%E0%B8%A1%E0%B8%B9%E0%B9%881,พิกัดต้นทาง + พิกัดปลายทาง
SKN,มันนี่เพ็ทช็อป,มันนี่เพ็ทช็อป,,,https://www.google.com/maps/search/?api=1&query=%E0%B8%A1%E0%B8%B1%E0%B8%99%E0%B8%99%E0%B8%B5%E0%B9%88%E0%B9%80%E0%B8%9E%E0%B9%87%E0%B8%97%E0%B8%8A%E0%B9%87%E0%B8%AD%E0%B8%9B%20131/6%E0%B8%AB%E0%B8%A1%E0%B8%B9%E0%B9%88%E0%B8%97%E0%B8%B5%E0%B9%884,มันนี่เพ็ทช็อป,,,https://www.google.com/maps/search/?api=1&query=%E0%B8%A1%E0%B8%B1%E0%B8%99%E0%B8%99%E0%B8%B5%E0%B9%88%E0%B9%80%E0%B8%9E%E0%B9%87%E0%B8%97%E0%B8%8A%E0%B9%87%E0%B8%AD%E0%B8%9B%20131/6%E0%B8%AB%E0%B8%A1%E0%B8%B9%E0%B9%88%E0%B8%97%E0%B8%B5%E0%B9%884,พิกัดต้นทาง + พิกัดปลายทาง
SKN,มาบตาพุดเพ็ทช็อป,มาบตาพุดเพ็ทช็อป,,,https://www.google.com/maps/search/?api=1&query=%E0%B8%A1%E0%B8%B2%E0%B8%9A%E0%B8%95%E0%B8%B2%E0%B8%9E%E0%B8%B8%E0%B8%94%E0%B9%80%E0%B8%9E%E0%B9%87%E0%B8%97%E0%B8%8A%E0%B9%87%E0%B8%AD%E0%B8%9B%20%E0%B9%80%E0%B8%A5%E0%B8%82%E0%B8%97%E0%B8%B5%E0%B9%8876-76/1,มาบตาพุดเพ็ทช็อป,,,https://www.google.com/maps/search/?api=1&query=%E0%B8%A1%E0%B8%B2%E0%B8%9A%E0%B8%95%E0%B8%B2%E0%B8%9E%E0%B8%B8%E0%B8%94%E0%B9%80%E0%B8%9E%E0%B9%87%E0%B8%97%E0%B8%8A%E0%B9%87%E0%B8%AD%E0%B8%9B%20%E0%B9%80%E0%B8%A5%E0%B8%82%E0%B8%97%E0%B8%B5%E0%B9%8876-76/1,พิกัดต้นทาง + พิกัดปลายทาง
SKN,มารวยเพ็ทช็อป,มารวยเพ็ทช็อป,,,https://www.google.com/maps/search/?api=1&query=%E0%B8%A1%E0%B8%B2%E0%B8%A3%E0%B8%A7%E0%B8%A2%E0%B9%80%E0%B8%9E%E0%B9%87%E0%B8%97%E0%B8%8A%E0%B9%87%E0%B8%AD%E0%B8%9B%20%E0%B9%80%E0%B8%A5%E0%B8%82%E0%B8%97%E0%B8%B5%E0%B9%88402/21%E0%B8%AB%E0%B8%A1%E0%B8%B9%E0%B9%88%E0%B8%9A%E0%B9%89%E0%B8%B2%E0%B8%99%E0%B8%A3%E0%B8%B0%E0%B8%A2%E0%B8%AD%E0%B8%87%E0%B8%9A%E0%B8%B4%E0%B8%8B%E0%B8%9E%E0%B8%A3%E0%B9%8C%E0%B8%84,มารวยเพ็ทช็อป,,,https://www.google.com/maps/search/?api=1&query=%E0%B8%A1%E0%B8%B2%E0%B8%A3%E0%B8%A7%E0%B8%A2%E0%B9%80%E0%B8%9E%E0%B9%87%E0%B8%97%E0%B8%8A%E0%B9%87%E0%B8%AD%E0%B8%9B%20%E0%B9%80%E0%B8%A5%E0%B8%82%E0%B8%97%E0%B8%B5%E0%B9%88402/21%E0%B8%AB%E0%B8%A1%E0%B8%B9%E0%B9%88%E0%B8%9A%E0%B9%89%E0%B8%B2%E0%B8%99%E0%B8%A3%E0%B8%B0%E0%B8%A2%E0%B8%AD%E0%B8%87%E0%B8%9A%E0%B8%B4%E0%B8%8B%E0%B8%9E%E0%B8%A3%E0%B9%8C%E0%B8%84,พิกัดต้นทาง + พิกัดปลายทาง
SKN,เมโลดี้เพ็ทช็อป,เมโลดี้เพ็ทช็อป,,,https://www.google.com/maps/search/?api=1&query=%E0%B9%80%E0%B8%A1%E0%B9%82%E0%B8%A5%E0%B8%94%E0%B8%B5%E0%B9%89%E0%B9%80%E0%B8%9E%E0%B9%87%E0%B8%97%E0%B8%8A%E0%B9%87%E0%B8%AD%E0%B8%9B%20%E0%B9%80%E0%B8%A5%E0%B8%82%E0%B8%97%E0%B8%B5%E0%B9%88179/375%E0%B8%AB%E0%B8%A1%E0%B8%B9%E0%B9%887,เมโลดี้เพ็ทช็อป,,,https://www.google.com/maps/search/?api=1&query=%E0%B9%80%E0%B8%A1%E0%B9%82%E0%B8%A5%E0%B8%94%E0%B8%B5%E0%B9%89%E0%B9%80%E0%B8%9E%E0%B9%87%E0%B8%97%E0%B8%8A%E0%B9%87%E0%B8%AD%E0%B8%9B%20%E0%B9%80%E0%B8%A5%E0%B8%82%E0%B8%97%E0%B8%B5%E0%B9%88179/375%E0%B8%AB%E0%B8%A1%E0%B8%B9%E0%B9%887,พิกัดต้นทาง + พิกัดปลายทาง
SKN,แมคกี้ แอนด์ โมเดล เพ็ทช็อป,แมคกี้ แอนด์ โมเดล เพ็ทช็อป,,,https://www.google.com/maps/search/?api=1&query=%E0%B9%81%E0%B8%A1%E0%B8%84%E0%B8%81%E0%B8%B5%E0%B9%89%20%E0%B9%81%E0%B8%AD%E0%B8%99%E0%B8%94%E0%B9%8C%20%E0%B9%82%E0%B8%A1%E0%B9%80%E0%B8%94%E0%B8%A5%20%E0%B9%80%E0%B8%9E%E0%B9%87%E0%B8%97%E0%B8%8A%E0%B9%87%E0%B8%AD%E0%B8%9B%2046/2%E0%B8%96.%E0%B9%80%E0%B8%A7%E0%B8%AA%E0%B8%AA%E0%B8%B8%E0%B8%A7%E0%B8%A3%E0%B8%A3%E0%B8%93%E0%B9%8C,แมคกี้ แอนด์ โมเดล เพ็ทช็อป,,,https://www.google.com/maps/search/?api=1&query=%E0%B9%81%E0%B8%A1%E0%B8%84%E0%B8%81%E0%B8%B5%E0%B9%89%20%E0%B9%81%E0%B8%AD%E0%B8%99%E0%B8%94%E0%B9%8C%20%E0%B9%82%E0%B8%A1%E0%B9%80%E0%B8%94%E0%B8%A5%20%E0%B9%80%E0%B8%9E%E0%B9%87%E0%B8%97%E0%B8%8A%E0%B9%87%E0%B8%AD%E0%B8%9B%2046/2%E0%B8%96.%E0%B9%80%E0%B8%A7%E0%B8%AA%E0%B8%AA%E0%B8%B8%E0%B8%A7%E0%B8%A3%E0%B8%A3%E0%B8%93%E0%B9%8C,พิกัดต้นทาง + พิกัดปลายทาง
SKN,โมเดริ้นด๊อก,โมเดริ้นด๊อก,,,https://www.google.com/maps/search/?api=1&query=%E0%B9%82%E0%B8%A1%E0%B9%80%E0%B8%94%E0%B8%A3%E0%B8%B4%E0%B9%89%E0%B8%99%E0%B8%94%E0%B9%8A%E0%B8%AD%E0%B8%81%207/65-66%E0%B8%96.%E0%B9%80%E0%B8%88%E0%B9%89%E0%B8%B2%E0%B8%9F%E0%B9%89%E0%B8%B2%E0%B8%95%E0%B8%B0%E0%B8%A7%E0%B8%B1%E0%B8%99%E0%B8%AD%E0%B8%AD%E0%B8%81,โมเดริ้นด๊อก,,,https://www.google.com/maps/search/?api=1&query=%E0%B9%82%E0%B8%A1%E0%B9%80%E0%B8%94%E0%B8%A3%E0%B8%B4%E0%B9%89%E0%B8%99%E0%B8%94%E0%B9%8A%E0%B8%AD%E0%B8%81%207/65-66%E0%B8%96.%E0%B9%80%E0%B8%88%E0%B9%89%E0%B8%B2%E0%B8%9F%E0%B9%89%E0%B8%B2%E0%B8%95%E0%B8%B0%E0%B8%A7%E0%B8%B1%E0%B8%99%E0%B8%AD%E0%B8%AD%E0%B8%81,พิกัดต้นทาง + พิกัดปลายทาง
SKN,โมเดิร์นเพ็ท,โมเดิร์นเพ็ท,,,https://www.google.com/maps/search/?api=1&query=%E0%B9%82%E0%B8%A1%E0%B9%80%E0%B8%94%E0%B8%B4%E0%B8%A3%E0%B9%8C%E0%B8%99%E0%B9%80%E0%B8%9E%E0%B9%87%E0%B8%97%2015/20-21%E0%B8%AB%E0%B8%A1%E0%B8%B9%E0%B9%881%E0%B8%96.%E0%B8%A7%E0%B8%B4%E0%B8%8A%E0%B8%B4%E0%B8%95%E0%B8%AA%E0%B8%87%E0%B8%84%E0%B8%A3%E0%B8%B2%E0%B8%A1,โมเดิร์นเพ็ท,,,https://www.google.com/maps/search/?api=1&query=%E0%B9%82%E0%B8%A1%E0%B9%80%E0%B8%94%E0%B8%B4%E0%B8%A3%E0%B9%8C%E0%B8%99%E0%B9%80%E0%B8%9E%E0%B9%87%E0%B8%97%2015/20-21%E0%B8%AB%E0%B8%A1%E0%B8%B9%E0%B9%881%E0%B8%96.%E0%B8%A7%E0%B8%B4%E0%B8%8A%E0%B8%B4%E0%B8%95%E0%B8%AA%E0%B8%87%E0%B8%84%E0%B8%A3%E0%B8%B2%E0%B8%A1,พิกัดต้นทาง + พิกัดปลายทาง
SKN,ร้าน cocopetshop,ร้าน cocopetshop,,,https://www.google.com/maps/search/?api=1&query=%E0%B8%A3%E0%B9%89%E0%B8%B2%E0%B8%99%20cocopetshop%20%E0%B9%80%E0%B8%A5%E0%B8%82%E0%B8%97%E0%B8%B5%E0%B9%88479/909%E0%B8%96.%E0%B8%97%E0%B8%AB%E0%B8%B2%E0%B8%A3%E0%B8%9A%E0%B8%81,ร้าน cocopetshop,,,https://www.google.com/maps/search/?api=1&query=%E0%B8%A3%E0%B9%89%E0%B8%B2%E0%B8%99%20cocopetshop%20%E0%B9%80%E0%B8%A5%E0%B8%82%E0%B8%97%E0%B8%B5%E0%B9%88479/909%E0%B8%96.%E0%B8%97%E0%B8%AB%E0%B8%B2%E0%B8%A3%E0%B8%9A%E0%B8%81,พิกัดต้นทาง + พิกัดปลายทาง
SKN,ร้าน กู๊ดแคท เพ็ทช็อป,ร้าน กู๊ดแคท เพ็ทช็อป,,,https://www.google.com/maps/search/?api=1&query=%E0%B8%A3%E0%B9%89%E0%B8%B2%E0%B8%99%20%E0%B8%81%E0%B8%B9%E0%B9%8A%E0%B8%94%E0%B9%81%E0%B8%84%E0%B8%97%20%E0%B9%80%E0%B8%9E%E0%B9%87%E0%B8%97%E0%B8%8A%E0%B9%87%E0%B8%AD%E0%B8%9B%20%E0%B9%80%E0%B8%A5%E0%B8%82%E0%B8%97%E0%B8%B5%E0%B9%8844/3%E0%B8%AB%E0%B9%89%E0%B8%AD%E0%B8%87%E0%B8%97%E0%B8%B5%E0%B9%888%E0%B8%AB%E0%B8%A1%E0%B8%B9%E0%B9%88%E0%B8%97%E0%B8%B5%E0%B9%883,ร้าน กู๊ดแคท เพ็ทช็อป,,,https://www.google.com/maps/search/?api=1&query=%E0%B8%A3%E0%B9%89%E0%B8%B2%E0%B8%99%20%E0%B8%81%E0%B8%B9%E0%B9%8A%E0%B8%94%E0%B9%81%E0%B8%84%E0%B8%97%20%E0%B9%80%E0%B8%9E%E0%B9%87%E0%B8%97%E0%B8%8A%E0%B9%87%E0%B8%AD%E0%B8%9B%20%E0%B9%80%E0%B8%A5%E0%B8%82%E0%B8%97%E0%B8%B5%E0%B9%8844/3%E0%B8%AB%E0%B9%89%E0%B8%AD%E0%B8%87%E0%B8%97%E0%B8%B5%E0%B9%888%E0%B8%AB%E0%B8%A1%E0%B8%B9%E0%B9%88%E0%B8%97%E0%B8%B5%E0%B9%883,พิกัดต้นทาง + พิกัดปลายทาง
SKN,ร้าน น้ำตาลเพ็ทมาร์ท สาขาโลตัส รังสิต (เรนโบว์ เพ็ทช็อป),ร้าน น้ำตาลเพ็ทมาร์ท สาขาโลตัส รังสิต (เรนโบว์ เพ็ทช็อป),,,https://www.google.com/maps/search/?api=1&query=%E0%B8%A3%E0%B9%89%E0%B8%B2%E0%B8%99%20%E0%B8%99%E0%B9%89%E0%B8%B3%E0%B8%95%E0%B8%B2%E0%B8%A5%E0%B9%80%E0%B8%9E%E0%B9%87%E0%B8%97%E0%B8%A1%E0%B8%B2%E0%B8%A3%E0%B9%8C%E0%B8%97%20%E0%B8%AA%E0%B8%B2%E0%B8%82%E0%B8%B2%E0%B9%82%E0%B8%A5%E0%B8%95%E0%B8%B1%E0%B8%AA%20%E0%B8%A3%E0%B8%B1%E0%B8%87%E0%B8%AA%E0%B8%B4%E0%B8%95%20%28%E0%B9%80%E0%B8%A3%E0%B8%99%E0%B9%82%E0%B8%9A%E0%B8%A7%E0%B9%8C%20%E0%B9%80%E0%B8%9E%E0%B9%87%E0%B8%97%E0%B8%8A%E0%B9%87%E0%B8%AD%E0%B8%9B%29%20801%E0%B8%96.%E0%B8%9E%E0%B8%AB%E0%B8%A5%E0%B9%82%E0%B8%A2%E0%B8%98%E0%B8%B4%E0%B8%99,ร้าน น้ำตาลเพ็ทมาร์ท สาขาโลตัส รังสิต (เรนโบว์ เพ็ทช็อป),,,https://www.google.com/maps/search/?api=1&query=%E0%B8%A3%E0%B9%89%E0%B8%B2%E0%B8%99%20%E0%B8%99%E0%B9%89%E0%B8%B3%E0%B8%95%E0%B8%B2%E0%B8%A5%E0%B9%80%E0%B8%9E%E0%B9%87%E0%B8%97%E0%B8%A1%E0%B8%B2%E0%B8%A3%E0%B9%8C%E0%B8%97%20%E0%B8%AA%E0%B8%B2%E0%B8%82%E0%B8%B2%E0%B9%82%E0%B8%A5%E0%B8%95%E0%B8%B1%E0%B8%AA%20%E0%B8%A3%E0%B8%B1%E0%B8%87%E0%B8%AA%E0%B8%B4%E0%B8%95%20%28%E0%B9%80%E0%B8%A3%E0%B8%99%E0%B9%82%E0%B8%9A%E0%B8%A7%E0%B9%8C%20%E0%B9%80%E0%B8%9E%E0%B9%87%E0%B8%97%E0%B8%8A%E0%B9%87%E0%B8%AD%E0%B8%9B%29%20801%E0%B8%96.%E0%B8%9E%E0%B8%AB%E0%B8%A5%E0%B9%82%E0%B8%A2%E0%B8%98%E0%B8%B4%E0%B8%99,พิกัดต้นทาง + พิกัดปลายทาง
SKN,ร้าน บัวหลวง เพ็ทช็อป (นางสุวรรณะ เกษมธีระสมบูรณ์),ร้าน บัวหลวง เพ็ทช็อป (นางสุวรรณะ เกษมธีระสมบูรณ์),,,https://www.google.com/maps/search/?api=1&query=%E0%B8%A3%E0%B9%89%E0%B8%B2%E0%B8%99%20%E0%B8%9A%E0%B8%B1%E0%B8%A7%E0%B8%AB%E0%B8%A5%E0%B8%A7%E0%B8%87%20%E0%B9%80%E0%B8%9E%E0%B9%87%E0%B8%97%E0%B8%8A%E0%B9%87%E0%B8%AD%E0%B8%9B%20%28%E0%B8%99%E0%B8%B2%E0%B8%87%E0%B8%AA%E0%B8%B8%E0%B8%A7%E0%B8%A3%E0%B8%A3%E0%B8%93%E0%B8%B0%20%E0%B9%80%E0%B8%81%E0%B8%A9%E0%B8%A1%E0%B8%98%E0%B8%B5%E0%B8%A3%E0%B8%B0%E0%B8%AA%E0%B8%A1%E0%B8%9A%E0%B8%B9%E0%B8%A3%E0%B8%93%E0%B9%8C%29%20%E0%B9%80%E0%B8%A5%E0%B8%82%E0%B8%97%E0%B8%B5%E0%B9%8819/1-2%E0%B8%96.%E0%B8%99%E0%B8%B2%E0%B8%A3%E0%B8%B2%E0%B8%A2%E0%B8%93%E0%B9%8C%E0%B8%9B%E0%B8%A3%E0%B8%B2%E0%B8%9A%E0%B8%A8%E0%B8%B6%E0%B8%81,ร้าน บัวหลวง เพ็ทช็อป (นางสุวรรณะ เกษมธีระสมบูรณ์),,,https://www.google.com/maps/search/?api=1&query=%E0%B8%A3%E0%B9%89%E0%B8%B2%E0%B8%99%20%E0%B8%9A%E0%B8%B1%E0%B8%A7%E0%B8%AB%E0%B8%A5%E0%B8%A7%E0%B8%87%20%E0%B9%80%E0%B8%9E%E0%B9%87%E0%B8%97%E0%B8%8A%E0%B9%87%E0%B8%AD%E0%B8%9B%20%28%E0%B8%99%E0%B8%B2%E0%B8%87%E0%B8%AA%E0%B8%B8%E0%B8%A7%E0%B8%A3%E0%B8%A3%E0%B8%93%E0%B8%B0%20%E0%B9%80%E0%B8%81%E0%B8%A9%E0%B8%A1%E0%B8%98%E0%B8%B5%E0%B8%A3%E0%B8%B0%E0%B8%AA%E0%B8%A1%E0%B8%9A%E0%B8%B9%E0%B8%A3%E0%B8%93%E0%B9%8C%29%20%E0%B9%80%E0%B8%A5%E0%B8%82%E0%B8%97%E0%B8%B5%E0%B9%8819/1-2%E0%B8%96.%E0%B8%99%E0%B8%B2%E0%B8%A3%E0%B8%B2%E0%B8%A2%E0%B8%93%E0%B9%8C%E0%B8%9B%E0%B8%A3%E0%B8%B2%E0%B8%9A%E0%B8%A8%E0%B8%B6%E0%B8%81,พิกัดต้นทาง + พิกัดปลายทาง
SKN,ร้าน ปลาสวย แอนด์ คอมเพล็กซ์เพ็ทช็อป,ร้าน ปลาสวย แอนด์ คอมเพล็กซ์เพ็ทช็อป,,,https://www.google.com/maps/search/?api=1&query=%E0%B8%A3%E0%B9%89%E0%B8%B2%E0%B8%99%20%E0%B8%9B%E0%B8%A5%E0%B8%B2%E0%B8%AA%E0%B8%A7%E0%B8%A2%20%E0%B9%81%E0%B8%AD%E0%B8%99%E0%B8%94%E0%B9%8C%20%E0%B8%84%E0%B8%AD%E0%B8%A1%E0%B9%80%E0%B8%9E%E0%B8%A5%E0%B9%87%E0%B8%81%E0%B8%8B%E0%B9%8C%E0%B9%80%E0%B8%9E%E0%B9%87%E0%B8%97%E0%B8%8A%E0%B9%87%E0%B8%AD%E0%B8%9B%20%E0%B9%80%E0%B8%A5%E0%B8%82%E0%B8%97%E0%B8%B5%E0%B9%88558/13%2C33%2C35,ร้าน ปลาสวย แอนด์ คอมเพล็กซ์เพ็ทช็อป,,,https://www.google.com/maps/search/?api=1&query=%E0%B8%A3%E0%B9%89%E0%B8%B2%E0%B8%99%20%E0%B8%9B%E0%B8%A5%E0%B8%B2%E0%B8%AA%E0%B8%A7%E0%B8%A2%20%E0%B9%81%E0%B8%AD%E0%B8%99%E0%B8%94%E0%B9%8C%20%E0%B8%84%E0%B8%AD%E0%B8%A1%E0%B9%80%E0%B8%9E%E0%B8%A5%E0%B9%87%E0%B8%81%E0%B8%8B%E0%B9%8C%E0%B9%80%E0%B8%9E%E0%B9%87%E0%B8%97%E0%B8%8A%E0%B9%87%E0%B8%AD%E0%B8%9B%20%E0%B9%80%E0%B8%A5%E0%B8%82%E0%B8%97%E0%B8%B5%E0%B9%88558/13%2C33%2C35,พิกัดต้นทาง + พิกัดปลายทาง
SKN,ร้าน เพ็ท พอว์ พาวล์,ร้าน เพ็ท พอว์ พาวล์,,,https://www.google.com/maps/search/?api=1&query=%E0%B8%A3%E0%B9%89%E0%B8%B2%E0%B8%99%20%E0%B9%80%E0%B8%9E%E0%B9%87%E0%B8%97%20%E0%B8%9E%E0%B8%AD%E0%B8%A7%E0%B9%8C%20%E0%B8%9E%E0%B8%B2%E0%B8%A7%E0%B8%A5%E0%B9%8C%20%E0%B9%80%E0%B8%A5%E0%B8%82%E0%B8%97%E0%B8%B5%E0%B9%8858/88,ร้าน เพ็ท พอว์ พาวล์,,,https://www.google.com/maps/search/?api=1&query=%E0%B8%A3%E0%B9%89%E0%B8%B2%E0%B8%99%20%E0%B9%80%E0%B8%9E%E0%B9%87%E0%B8%97%20%E0%B8%9E%E0%B8%AD%E0%B8%A7%E0%B9%8C%20%E0%B8%9E%E0%B8%B2%E0%B8%A7%E0%B8%A5%E0%B9%8C%20%E0%B9%80%E0%B8%A5%E0%B8%82%E0%B8%97%E0%B8%B5%E0%B9%8858/88,พิกัดต้นทาง + พิกัดปลายทาง
SKN,ร้านขันทอง เพ็ทช็อป,ร้านขันทอง เพ็ทช็อป,,,https://www.google.com/maps/search/?api=1&query=%E0%B8%A3%E0%B9%89%E0%B8%B2%E0%B8%99%E0%B8%82%E0%B8%B1%E0%B8%99%E0%B8%97%E0%B8%AD%E0%B8%87%20%E0%B9%80%E0%B8%9E%E0%B9%87%E0%B8%97%E0%B8%8A%E0%B9%87%E0%B8%AD%E0%B8%9B%20215/484%E0%B8%A1.5%E0%B8%8B.%E0%B8%A1%E0%B8%B1%E0%B8%87%E0%B8%81%E0%B8%A3-%E0%B8%99%E0%B8%B2%E0%B8%84%E0%B8%94%E0%B8%B5%E0%B8%96.%E0%B9%80%E0%B8%97%E0%B8%9E%E0%B8%B2%E0%B8%A3%E0%B8%B1%E0%B8%81%E0%B8%A9%E0%B9%8C,ร้านขันทอง เพ็ทช็อป,,,https://www.google.com/maps/search/?api=1&query=%E0%B8%A3%E0%B9%89%E0%B8%B2%E0%B8%99%E0%B8%82%E0%B8%B1%E0%B8%99%E0%B8%97%E0%B8%AD%E0%B8%87%20%E0%B9%80%E0%B8%9E%E0%B9%87%E0%B8%97%E0%B8%8A%E0%B9%87%E0%B8%AD%E0%B8%9B%20215/484%E0%B8%A1.5%E0%B8%8B.%E0%B8%A1%E0%B8%B1%E0%B8%87%E0%B8%81%E0%B8%A3-%E0%B8%99%E0%B8%B2%E0%B8%84%E0%B8%94%E0%B8%B5%E0%B8%96.%E0%B9%80%E0%B8%97%E0%B8%9E%E0%B8%B2%E0%B8%A3%E0%B8%B1%E0%B8%81%E0%B8%A9%E0%B9%8C,พิกัดต้นทาง + พิกัดปลายทาง
SKN,ร้านข้าวสารหัวเขา,ร้านข้าวสารหัวเขา,,,https://www.google.com/maps/search/?api=1&query=%E0%B8%A3%E0%B9%89%E0%B8%B2%E0%B8%99%E0%B8%82%E0%B9%89%E0%B8%B2%E0%B8%A7%E0%B8%AA%E0%B8%B2%E0%B8%A3%E0%B8%AB%E0%B8%B1%E0%B8%A7%E0%B9%80%E0%B8%82%E0%B8%B2%20345%E0%B8%96%E0%B8%99%E0%B8%99%E0%B8%9E%E0%B8%AB%E0%B8%A5%E0%B9%82%E0%B8%A2%E0%B8%98%E0%B8%B4%E0%B8%99,ร้านข้าวสารหัวเขา,,,https://www.google.com/maps/search/?api=1&query=%E0%B8%A3%E0%B9%89%E0%B8%B2%E0%B8%99%E0%B8%82%E0%B9%89%E0%B8%B2%E0%B8%A7%E0%B8%AA%E0%B8%B2%E0%B8%A3%E0%B8%AB%E0%B8%B1%E0%B8%A7%E0%B9%80%E0%B8%82%E0%B8%B2%20345%E0%B8%96%E0%B8%99%E0%B8%99%E0%B8%9E%E0%B8%AB%E0%B8%A5%E0%B9%82%E0%B8%A2%E0%B8%98%E0%B8%B4%E0%B8%99,พิกัดต้นทาง + พิกัดปลายทาง
SKN,ร้านคูเปอร์เพ็ทแคร์,ร้านคูเปอร์เพ็ทแคร์,,,https://www.google.com/maps/search/?api=1&query=%E0%B8%A3%E0%B9%89%E0%B8%B2%E0%B8%99%E0%B8%84%E0%B8%B9%E0%B9%80%E0%B8%9B%E0%B8%AD%E0%B8%A3%E0%B9%8C%E0%B9%80%E0%B8%9E%E0%B9%87%E0%B8%97%E0%B9%81%E0%B8%84%E0%B8%A3%E0%B9%8C%20%E0%B9%80%E0%B8%A5%E0%B8%82%E0%B8%97%E0%B8%B5%E0%B9%8813/22,ร้านคูเปอร์เพ็ทแคร์,,,https://www.google.com/maps/search/?api=1&query=%E0%B8%A3%E0%B9%89%E0%B8%B2%E0%B8%99%E0%B8%84%E0%B8%B9%E0%B9%80%E0%B8%9B%E0%B8%AD%E0%B8%A3%E0%B9%8C%E0%B9%80%E0%B8%9E%E0%B9%87%E0%B8%97%E0%B9%81%E0%B8%84%E0%B8%A3%E0%B9%8C%20%E0%B9%80%E0%B8%A5%E0%B8%82%E0%B8%97%E0%B8%B5%E0%B9%8813/22,พิกัดต้นทาง + พิกัดปลายทาง
SKN,ร้านโคอิ เพ็ทช็อป,ร้านโคอิ เพ็ทช็อป,,,https://www.google.com/maps/search/?api=1&query=%E0%B8%A3%E0%B9%89%E0%B8%B2%E0%B8%99%E0%B9%82%E0%B8%84%E0%B8%AD%E0%B8%B4%20%E0%B9%80%E0%B8%9E%E0%B9%87%E0%B8%97%E0%B8%8A%E0%B9%87%E0%B8%AD%E0%B8%9B%20%E0%B9%80%E0%B8%A5%E0%B8%82%E0%B8%97%E0%B8%B5%E0%B9%88161/62,ร้านโคอิ เพ็ทช็อป,,,https://www.google.com/maps/search/?api=1&query=%E0%B8%A3%E0%B9%89%E0%B8%B2%E0%B8%99%E0%B9%82%E0%B8%84%E0%B8%AD%E0%B8%B4%20%E0%B9%80%E0%B8%9E%E0%B9%87%E0%B8%97%E0%B8%8A%E0%B9%87%E0%B8%AD%E0%B8%9B%20%E0%B9%80%E0%B8%A5%E0%B8%82%E0%B8%97%E0%B8%B5%E0%B9%88161/62,พิกัดต้นทาง + พิกัดปลายทาง
SKN,ร้านจอมฟิชชิ่ง,ร้านจอมฟิชชิ่ง,,,https://www.google.com/maps/search/?api=1&query=%E0%B8%A3%E0%B9%89%E0%B8%B2%E0%B8%99%E0%B8%88%E0%B8%AD%E0%B8%A1%E0%B8%9F%E0%B8%B4%E0%B8%8A%E0%B8%8A%E0%B8%B4%E0%B9%88%E0%B8%87%2019/1%E0%B8%A1.4,ร้านจอมฟิชชิ่ง,,,https://www.google.com/maps/search/?api=1&query=%E0%B8%A3%E0%B9%89%E0%B8%B2%E0%B8%99%E0%B8%88%E0%B8%AD%E0%B8%A1%E0%B8%9F%E0%B8%B4%E0%B8%8A%E0%B8%8A%E0%B8%B4%E0%B9%88%E0%B8%87%2019/1%E0%B8%A1.4,พิกัดต้นทาง + พิกัดปลายทาง
SKN,ร้านณชพลอาหารสัตว์,ร้านณชพลอาหารสัตว์,,,https://www.google.com/maps/search/?api=1&query=%E0%B8%A3%E0%B9%89%E0%B8%B2%E0%B8%99%E0%B8%93%E0%B8%8A%E0%B8%9E%E0%B8%A5%E0%B8%AD%E0%B8%B2%E0%B8%AB%E0%B8%B2%E0%B8%A3%E0%B8%AA%E0%B8%B1%E0%B8%95%E0%B8%A7%E0%B9%8C%2030/2%E0%B8%A1.3,ร้านณชพลอาหารสัตว์,,,https://www.google.com/maps/search/?api=1&query=%E0%B8%A3%E0%B9%89%E0%B8%B2%E0%B8%99%E0%B8%93%E0%B8%8A%E0%B8%9E%E0%B8%A5%E0%B8%AD%E0%B8%B2%E0%B8%AB%E0%B8%B2%E0%B8%A3%E0%B8%AA%E0%B8%B1%E0%B8%95%E0%B8%A7%E0%B9%8C%2030/2%E0%B8%A1.3,พิกัดต้นทาง + พิกัดปลายทาง
SKN,ร้านดีเด่น อาหารสัตว์ (สาขา 3),ร้านดีเด่น อาหารสัตว์ (สาขา 3),,,https://www.google.com/maps/search/?api=1&query=%E0%B8%A3%E0%B9%89%E0%B8%B2%E0%B8%99%E0%B8%94%E0%B8%B5%E0%B9%80%E0%B8%94%E0%B9%88%E0%B8%99%20%E0%B8%AD%E0%B8%B2%E0%B8%AB%E0%B8%B2%E0%B8%A3%E0%B8%AA%E0%B8%B1%E0%B8%95%E0%B8%A7%E0%B9%8C%20%28%E0%B8%AA%E0%B8%B2%E0%B8%82%E0%B8%B2%203%29%20%E0%B8%A3%E0%B8%B1%E0%B8%87%E0%B8%AA%E0%B8%B4%E0%B8%95-%E0%B8%84%E0%B8%A5%E0%B8%AD%E0%B8%87%E0%B8%AA%E0%B8%B5%E0%B9%88%E0%B8%A5%E0%B8%B3%E0%B8%A5%E0%B8%B9%E0%B8%81%E0%B8%81%E0%B8%B2134/9%E0%B8%A1.1,ร้านดีเด่น อาหารสัตว์ (สาขา 3),,,https://www.google.com/maps/search/?api=1&query=%E0%B8%A3%E0%B9%89%E0%B8%B2%E0%B8%99%E0%B8%94%E0%B8%B5%E0%B9%80%E0%B8%94%E0%B9%88%E0%B8%99%20%E0%B8%AD%E0%B8%B2%E0%B8%AB%E0%B8%B2%E0%B8%A3%E0%B8%AA%E0%B8%B1%E0%B8%95%E0%B8%A7%E0%B9%8C%20%28%E0%B8%AA%E0%B8%B2%E0%B8%82%E0%B8%B2%203%29%20%E0%B8%A3%E0%B8%B1%E0%B8%87%E0%B8%AA%E0%B8%B4%E0%B8%95-%E0%B8%84%E0%B8%A5%E0%B8%AD%E0%B8%87%E0%B8%AA%E0%B8%B5%E0%B9%88%E0%B8%A5%E0%B8%B3%E0%B8%A5%E0%B8%B9%E0%B8%81%E0%B8%81%E0%B8%B2134/9%E0%B8%A1.1,พิกัดต้นทาง + พิกัดปลายทาง
SKN,ร้านดีเด่นเพ็ทมาร์ท สาขารังสิต-คลองสี่ลำลูกกา,ร้านดีเด่นเพ็ทมาร์ท สาขารังสิต-คลองสี่ลำลูกกา,,,https://www.google.com/maps/search/?api=1&query=%E0%B8%A3%E0%B9%89%E0%B8%B2%E0%B8%99%E0%B8%94%E0%B8%B5%E0%B9%80%E0%B8%94%E0%B9%88%E0%B8%99%E0%B9%80%E0%B8%9E%E0%B9%87%E0%B8%97%E0%B8%A1%E0%B8%B2%E0%B8%A3%E0%B9%8C%E0%B8%97%20%E0%B8%AA%E0%B8%B2%E0%B8%82%E0%B8%B2%E0%B8%A3%E0%B8%B1%E0%B8%87%E0%B8%AA%E0%B8%B4%E0%B8%95-%E0%B8%84%E0%B8%A5%E0%B8%AD%E0%B8%87%E0%B8%AA%E0%B8%B5%E0%B9%88%E0%B8%A5%E0%B8%B3%E0%B8%A5%E0%B8%B9%E0%B8%81%E0%B8%81%E0%B8%B2%20134/7-134/9%E0%B8%A1.1,ร้านดีเด่นเพ็ทมาร์ท สาขารังสิต-คลองสี่ลำลูกกา,,,https://www.google.com/maps/search/?api=1&query=%E0%B8%A3%E0%B9%89%E0%B8%B2%E0%B8%99%E0%B8%94%E0%B8%B5%E0%B9%80%E0%B8%94%E0%B9%88%E0%B8%99%E0%B9%80%E0%B8%9E%E0%B9%87%E0%B8%97%E0%B8%A1%E0%B8%B2%E0%B8%A3%E0%B9%8C%E0%B8%97%20%E0%B8%AA%E0%B8%B2%E0%B8%82%E0%B8%B2%E0%B8%A3%E0%B8%B1%E0%B8%87%E0%B8%AA%E0%B8%B4%E0%B8%95-%E0%B8%84%E0%B8%A5%E0%B8%AD%E0%B8%87%E0%B8%AA%E0%B8%B5%E0%B9%88%E0%B8%A5%E0%B8%B3%E0%B8%A5%E0%B8%B9%E0%B8%81%E0%B8%81%E0%B8%B2%20134/7-134/9%E0%B8%A1.1,พิกัดต้นทาง + พิกัดปลายทาง
SKN,ร้านเดอะแมสเพ็ทช็อป,ร้านเดอะแมสเพ็ทช็อป,,,https://www.google.com/maps/search/?api=1&query=%E0%B8%A3%E0%B9%89%E0%B8%B2%E0%B8%99%E0%B9%80%E0%B8%94%E0%B8%AD%E0%B8%B0%E0%B9%81%E0%B8%A1%E0%B8%AA%E0%B9%80%E0%B8%9E%E0%B9%87%E0%B8%97%E0%B8%8A%E0%B9%87%E0%B8%AD%E0%B8%9B%20%E0%B9%80%E0%B8%A5%E0%B8%82%E0%B8%97%E0%B8%B5%E0%B9%8826/14%E0%B8%AB%E0%B8%A1%E0%B8%B9%E0%B9%8810,ร้านเดอะแมสเพ็ทช็อป,,,https://www.google.com/maps/search/?api=1&query=%E0%B8%A3%E0%B9%89%E0%B8%B2%E0%B8%99%E0%B9%80%E0%B8%94%E0%B8%AD%E0%B8%B0%E0%B9%81%E0%B8%A1%E0%B8%AA%E0%B9%80%E0%B8%9E%E0%B9%87%E0%B8%97%E0%B8%8A%E0%B9%87%E0%B8%AD%E0%B8%9B%20%E0%B9%80%E0%B8%A5%E0%B8%82%E0%B8%97%E0%B8%B5%E0%B9%8826/14%E0%B8%AB%E0%B8%A1%E0%B8%B9%E0%B9%8810,พิกัดต้นทาง + พิกัดปลายทาง
SKN,ร้านนคราเพ็ทช็อป,ร้านนคราเพ็ทช็อป,,,https://www.google.com/maps/search/?api=1&query=%E0%B8%A3%E0%B9%89%E0%B8%B2%E0%B8%99%E0%B8%99%E0%B8%84%E0%B8%A3%E0%B8%B2%E0%B9%80%E0%B8%9E%E0%B9%87%E0%B8%97%E0%B8%8A%E0%B9%87%E0%B8%AD%E0%B8%9B%20%E0%B9%80%E0%B8%A5%E0%B8%82%E0%B8%97%E0%B8%B5%E0%B9%88184/58%E0%B8%A1.10,ร้านนคราเพ็ทช็อป,,,https://www.google.com/maps/search/?api=1&query=%E0%B8%A3%E0%B9%89%E0%B8%B2%E0%B8%99%E0%B8%99%E0%B8%84%E0%B8%A3%E0%B8%B2%E0%B9%80%E0%B8%9E%E0%B9%87%E0%B8%97%E0%B8%8A%E0%B9%87%E0%B8%AD%E0%B8%9B%20%E0%B9%80%E0%B8%A5%E0%B8%82%E0%B8%97%E0%B8%B5%E0%B9%88184/58%E0%B8%A1.10,พิกัดต้นทาง + พิกัดปลายทาง
SKN,ร้านน้องเพ็ทช็อป สาขาเดอะไนน์ ติวานนท์,ร้านน้องเพ็ทช็อป สาขาเดอะไนน์ ติวานนท์,,,https://www.google.com/maps/search/?api=1&query=%E0%B8%A3%E0%B9%89%E0%B8%B2%E0%B8%99%E0%B8%99%E0%B9%89%E0%B8%AD%E0%B8%87%E0%B9%80%E0%B8%9E%E0%B9%87%E0%B8%97%E0%B8%8A%E0%B9%87%E0%B8%AD%E0%B8%9B%20%E0%B8%AA%E0%B8%B2%E0%B8%82%E0%B8%B2%E0%B9%80%E0%B8%94%E0%B8%AD%E0%B8%B0%E0%B9%84%E0%B8%99%E0%B8%99%E0%B9%8C%20%E0%B8%95%E0%B8%B4%E0%B8%A7%E0%B8%B2%E0%B8%99%E0%B8%99%E0%B8%97%E0%B9%8C%20%E0%B9%80%E0%B8%A5%E0%B8%82%E0%B8%97%E0%B8%B5%E0%B9%8884%2C21%E0%B8%96%E0%B8%99%E0%B8%99%E0%B8%9A%E0%B8%B2%E0%B8%87%E0%B8%81%E0%B8%B8%E0%B8%8E%E0%B8%B5%E0%B8%97%E0%B8%AD%E0%B8%87,ร้านน้องเพ็ทช็อป สาขาเดอะไนน์ ติวานนท์,,,https://www.google.com/maps/search/?api=1&query=%E0%B8%A3%E0%B9%89%E0%B8%B2%E0%B8%99%E0%B8%99%E0%B9%89%E0%B8%AD%E0%B8%87%E0%B9%80%E0%B8%9E%E0%B9%87%E0%B8%97%E0%B8%8A%E0%B9%87%E0%B8%AD%E0%B8%9B%20%E0%B8%AA%E0%B8%B2%E0%B8%82%E0%B8%B2%E0%B9%80%E0%B8%94%E0%B8%AD%E0%B8%B0%E0%B9%84%E0%B8%99%E0%B8%99%E0%B9%8C%20%E0%B8%95%E0%B8%B4%E0%B8%A7%E0%B8%B2%E0%B8%99%E0%B8%99%E0%B8%97%E0%B9%8C%20%E0%B9%80%E0%B8%A5%E0%B8%82%E0%B8%97%E0%B8%B5%E0%B9%8884%2C21%E0%B8%96%E0%B8%99%E0%B8%99%E0%B8%9A%E0%B8%B2%E0%B8%87%E0%B8%81%E0%B8%B8%E0%B8%8E%E0%B8%B5%E0%B8%97%E0%B8%AD%E0%B8%87,พิกัดต้นทาง + พิกัดปลายทาง
SKN,ร้านปอมปอมเพ็ทช็อป,ร้านปอมปอมเพ็ทช็อป,,,https://www.google.com/maps/search/?api=1&query=%E0%B8%A3%E0%B9%89%E0%B8%B2%E0%B8%99%E0%B8%9B%E0%B8%AD%E0%B8%A1%E0%B8%9B%E0%B8%AD%E0%B8%A1%E0%B9%80%E0%B8%9E%E0%B9%87%E0%B8%97%E0%B8%8A%E0%B9%87%E0%B8%AD%E0%B8%9B%20%E0%B9%80%E0%B8%A5%E0%B8%82%E0%B8%97%E0%B8%B5%E0%B9%8835/4%E0%B8%AB%E0%B8%A1%E0%B8%B9%E0%B9%889,ร้านปอมปอมเพ็ทช็อป,,,https://www.google.com/maps/search/?api=1&query=%E0%B8%A3%E0%B9%89%E0%B8%B2%E0%B8%99%E0%B8%9B%E0%B8%AD%E0%B8%A1%E0%B8%9B%E0%B8%AD%E0%B8%A1%E0%B9%80%E0%B8%9E%E0%B9%87%E0%B8%97%E0%B8%8A%E0%B9%87%E0%B8%AD%E0%B8%9B%20%E0%B9%80%E0%B8%A5%E0%B8%82%E0%B8%97%E0%B8%B5%E0%B9%8835/4%E0%B8%AB%E0%B8%A1%E0%B8%B9%E0%B9%889,พิกัดต้นทาง + พิกัดปลายทาง
SKN,ร้านเป๋าตุงเพ็ทช็อป,ร้านเป๋าตุงเพ็ทช็อป,,,https://www.google.com/maps/search/?api=1&query=%E0%B8%A3%E0%B9%89%E0%B8%B2%E0%B8%99%E0%B9%80%E0%B8%9B%E0%B9%8B%E0%B8%B2%E0%B8%95%E0%B8%B8%E0%B8%87%E0%B9%80%E0%B8%9E%E0%B9%87%E0%B8%97%E0%B8%8A%E0%B9%87%E0%B8%AD%E0%B8%9B%20%E0%B9%80%E0%B8%A5%E0%B8%82%E0%B8%97%E0%B8%B5%E0%B9%88189/108%E0%B8%A1.5,ร้านเป๋าตุงเพ็ทช็อป,,,https://www.google.com/maps/search/?api=1&query=%E0%B8%A3%E0%B9%89%E0%B8%B2%E0%B8%99%E0%B9%80%E0%B8%9B%E0%B9%8B%E0%B8%B2%E0%B8%95%E0%B8%B8%E0%B8%87%E0%B9%80%E0%B8%9E%E0%B9%87%E0%B8%97%E0%B8%8A%E0%B9%87%E0%B8%AD%E0%B8%9B%20%E0%B9%80%E0%B8%A5%E0%B8%82%E0%B8%97%E0%B8%B5%E0%B9%88189/108%E0%B8%A1.5,พิกัดต้นทาง + พิกัดปลายทาง
SKN,ร้านพระคุณเพ็ทช็อป,ร้านพระคุณเพ็ทช็อป,,,https://www.google.com/maps/search/?api=1&query=%E0%B8%A3%E0%B9%89%E0%B8%B2%E0%B8%99%E0%B8%9E%E0%B8%A3%E0%B8%B0%E0%B8%84%E0%B8%B8%E0%B8%93%E0%B9%80%E0%B8%9E%E0%B9%87%E0%B8%97%E0%B8%8A%E0%B9%87%E0%B8%AD%E0%B8%9B%20%E0%B9%80%E0%B8%A5%E0%B8%82%E0%B8%97%E0%B8%B5%E0%B9%8845/25%E0%B8%A1.8,ร้านพระคุณเพ็ทช็อป,,,https://www.google.com/maps/search/?api=1&query=%E0%B8%A3%E0%B9%89%E0%B8%B2%E0%B8%99%E0%B8%9E%E0%B8%A3%E0%B8%B0%E0%B8%84%E0%B8%B8%E0%B8%93%E0%B9%80%E0%B8%9E%E0%B9%87%E0%B8%97%E0%B8%8A%E0%B9%87%E0%B8%AD%E0%B8%9B%20%E0%B9%80%E0%B8%A5%E0%B8%82%E0%B8%97%E0%B8%B5%E0%B9%8845/25%E0%B8%A1.8,พิกัดต้นทาง + พิกัดปลายทาง
SKN,ร้านเพทชงเพทชอป,ร้านเพทชงเพทชอป,,,https://www.google.com/maps/search/?api=1&query=%E0%B8%A3%E0%B9%89%E0%B8%B2%E0%B8%99%E0%B9%80%E0%B8%9E%E0%B8%97%E0%B8%8A%E0%B8%87%E0%B9%80%E0%B8%9E%E0%B8%97%E0%B8%8A%E0%B8%AD%E0%B8%9B%2076%E0%B8%AB%E0%B8%A1%E0%B8%B9%E0%B9%88%E0%B8%97%E0%B8%B5%E0%B9%883,ร้านเพทชงเพทชอป,,,https://www.google.com/maps/search/?api=1&query=%E0%B8%A3%E0%B9%89%E0%B8%B2%E0%B8%99%E0%B9%80%E0%B8%9E%E0%B8%97%E0%B8%8A%E0%B8%87%E0%B9%80%E0%B8%9E%E0%B8%97%E0%B8%8A%E0%B8%AD%E0%B8%9B%2076%E0%B8%AB%E0%B8%A1%E0%B8%B9%E0%B9%88%E0%B8%97%E0%B8%B5%E0%B9%883,พิกัดต้นทาง + พิกัดปลายทาง
SKN,ร้านเพ็ทรูม สาขาโรจนะ,ร้านเพ็ทรูม สาขาโรจนะ,,,https://www.google.com/maps/search/?api=1&query=%E0%B8%A3%E0%B9%89%E0%B8%B2%E0%B8%99%E0%B9%80%E0%B8%9E%E0%B9%87%E0%B8%97%E0%B8%A3%E0%B8%B9%E0%B8%A1%20%E0%B8%AA%E0%B8%B2%E0%B8%82%E0%B8%B2%E0%B9%82%E0%B8%A3%E0%B8%88%E0%B8%99%E0%B8%B0%20358/5%E0%B8%A1.2,ร้านเพ็ทรูม สาขาโรจนะ,,,https://www.google.com/maps/search/?api=1&query=%E0%B8%A3%E0%B9%89%E0%B8%B2%E0%B8%99%E0%B9%80%E0%B8%9E%E0%B9%87%E0%B8%97%E0%B8%A3%E0%B8%B9%E0%B8%A1%20%E0%B8%AA%E0%B8%B2%E0%B8%82%E0%B8%B2%E0%B9%82%E0%B8%A3%E0%B8%88%E0%B8%99%E0%B8%B0%20358/5%E0%B8%A1.2,พิกัดต้นทาง + พิกัดปลายทาง
SKN,ร้านเพ็ทฮับสเปช,ร้านเพ็ทฮับสเปช,,,https://www.google.com/maps/search/?api=1&query=%E0%B8%A3%E0%B9%89%E0%B8%B2%E0%B8%99%E0%B9%80%E0%B8%9E%E0%B9%87%E0%B8%97%E0%B8%AE%E0%B8%B1%E0%B8%9A%E0%B8%AA%E0%B9%80%E0%B8%9B%E0%B8%8A%2082%E0%B8%AB%E0%B8%A1%E0%B8%B9%E0%B9%885,ร้านเพ็ทฮับสเปช,,,https://www.google.com/maps/search/?api=1&query=%E0%B8%A3%E0%B9%89%E0%B8%B2%E0%B8%99%E0%B9%80%E0%B8%9E%E0%B9%87%E0%B8%97%E0%B8%AE%E0%B8%B1%E0%B8%9A%E0%B8%AA%E0%B9%80%E0%B8%9B%E0%B8%8A%2082%E0%B8%AB%E0%B8%A1%E0%B8%B9%E0%B9%885,พิกัดต้นทาง + พิกัดปลายทาง
SKN,ร้านมิสเตอร์ไวท์เพ็ทช็อป,ร้านมิสเตอร์ไวท์เพ็ทช็อป,,,https://www.google.com/maps/search/?api=1&query=%E0%B8%A3%E0%B9%89%E0%B8%B2%E0%B8%99%E0%B8%A1%E0%B8%B4%E0%B8%AA%E0%B9%80%E0%B8%95%E0%B8%AD%E0%B8%A3%E0%B9%8C%E0%B9%84%E0%B8%A7%E0%B8%97%E0%B9%8C%E0%B9%80%E0%B8%9E%E0%B9%87%E0%B8%97%E0%B8%8A%E0%B9%87%E0%B8%AD%E0%B8%9B%20170/15%E0%B8%AB%E0%B8%A1%E0%B8%B9%E0%B9%882%E0%B8%96.%E0%B8%9E%E0%B8%B8%E0%B8%97%E0%B8%98%E0%B8%A1%E0%B8%93%E0%B8%91%E0%B8%A5%E0%B8%AA%E0%B8%B2%E0%B8%A25,ร้านมิสเตอร์ไวท์เพ็ทช็อป,,,https://www.google.com/maps/search/?api=1&query=%E0%B8%A3%E0%B9%89%E0%B8%B2%E0%B8%99%E0%B8%A1%E0%B8%B4%E0%B8%AA%E0%B9%80%E0%B8%95%E0%B8%AD%E0%B8%A3%E0%B9%8C%E0%B9%84%E0%B8%A7%E0%B8%97%E0%B9%8C%E0%B9%80%E0%B8%9E%E0%B9%87%E0%B8%97%E0%B8%8A%E0%B9%87%E0%B8%AD%E0%B8%9B%20170/15%E0%B8%AB%E0%B8%A1%E0%B8%B9%E0%B9%882%E0%B8%96.%E0%B8%9E%E0%B8%B8%E0%B8%97%E0%B8%98%E0%B8%A1%E0%B8%93%E0%B8%91%E0%B8%A5%E0%B8%AA%E0%B8%B2%E0%B8%A25,พิกัดต้นทาง + พิกัดปลายทาง
SKN,ร้านรวยกะตังค์เพ็ทช็อป,ร้านรวยกะตังค์เพ็ทช็อป,,,https://www.google.com/maps/search/?api=1&query=%E0%B8%A3%E0%B9%89%E0%B8%B2%E0%B8%99%E0%B8%A3%E0%B8%A7%E0%B8%A2%E0%B8%81%E0%B8%B0%E0%B8%95%E0%B8%B1%E0%B8%87%E0%B8%84%E0%B9%8C%E0%B9%80%E0%B8%9E%E0%B9%87%E0%B8%97%E0%B8%8A%E0%B9%87%E0%B8%AD%E0%B8%9B%2072/206%E0%B8%96.%E0%B8%9E%E0%B8%B8%E0%B8%97%E0%B8%98%E0%B8%A1%E0%B8%93%E0%B8%91%E0%B8%A5%E0%B8%AA%E0%B8%B2%E0%B8%A25,ร้านรวยกะตังค์เพ็ทช็อป,,,https://www.google.com/maps/search/?api=1&query=%E0%B8%A3%E0%B9%89%E0%B8%B2%E0%B8%99%E0%B8%A3%E0%B8%A7%E0%B8%A2%E0%B8%81%E0%B8%B0%E0%B8%95%E0%B8%B1%E0%B8%87%E0%B8%84%E0%B9%8C%E0%B9%80%E0%B8%9E%E0%B9%87%E0%B8%97%E0%B8%8A%E0%B9%87%E0%B8%AD%E0%B8%9B%2072/206%E0%B8%96.%E0%B8%9E%E0%B8%B8%E0%B8%97%E0%B8%98%E0%B8%A1%E0%B8%93%E0%B8%91%E0%B8%A5%E0%B8%AA%E0%B8%B2%E0%B8%A25,พิกัดต้นทาง + พิกัดปลายทาง
SKN,ร้านสัญญาการค้า,ร้านสัญญาการค้า,,,https://www.google.com/maps/search/?api=1&query=%E0%B8%A3%E0%B9%89%E0%B8%B2%E0%B8%99%E0%B8%AA%E0%B8%B1%E0%B8%8D%E0%B8%8D%E0%B8%B2%E0%B8%81%E0%B8%B2%E0%B8%A3%E0%B8%84%E0%B9%89%E0%B8%B2%20%E0%B9%80%E0%B8%A5%E0%B8%82%E0%B8%97%E0%B8%B5%E0%B9%8836/8%E0%B8%AB%E0%B8%A1%E0%B8%B9%E0%B9%889,ร้านสัญญาการค้า,,,https://www.google.com/maps/search/?api=1&query=%E0%B8%A3%E0%B9%89%E0%B8%B2%E0%B8%99%E0%B8%AA%E0%B8%B1%E0%B8%8D%E0%B8%8D%E0%B8%B2%E0%B8%81%E0%B8%B2%E0%B8%A3%E0%B8%84%E0%B9%89%E0%B8%B2%20%E0%B9%80%E0%B8%A5%E0%B8%82%E0%B8%97%E0%B8%B5%E0%B9%8836/8%E0%B8%AB%E0%B8%A1%E0%B8%B9%E0%B9%889,พิกัดต้นทาง + พิกัดปลายทาง
SKN,ร้านหนองปลิงอุปกรณ์ไก่,ร้านหนองปลิงอุปกรณ์ไก่,,,https://www.google.com/maps/search/?api=1&query=%E0%B8%A3%E0%B9%89%E0%B8%B2%E0%B8%99%E0%B8%AB%E0%B8%99%E0%B8%AD%E0%B8%87%E0%B8%9B%E0%B8%A5%E0%B8%B4%E0%B8%87%E0%B8%AD%E0%B8%B8%E0%B8%9B%E0%B8%81%E0%B8%A3%E0%B8%93%E0%B9%8C%E0%B9%84%E0%B8%81%E0%B9%88%20%E0%B9%80%E0%B8%A5%E0%B8%82%E0%B8%97%E0%B8%B5%E0%B9%88329/7%E0%B8%AB%E0%B8%A1%E0%B8%B9%E0%B9%887,ร้านหนองปลิงอุปกรณ์ไก่,,,https://www.google.com/maps/search/?api=1&query=%E0%B8%A3%E0%B9%89%E0%B8%B2%E0%B8%99%E0%B8%AB%E0%B8%99%E0%B8%AD%E0%B8%87%E0%B8%9B%E0%B8%A5%E0%B8%B4%E0%B8%87%E0%B8%AD%E0%B8%B8%E0%B8%9B%E0%B8%81%E0%B8%A3%E0%B8%93%E0%B9%8C%E0%B9%84%E0%B8%81%E0%B9%88%20%E0%B9%80%E0%B8%A5%E0%B8%82%E0%B8%97%E0%B8%B5%E0%B9%88329/7%E0%B8%AB%E0%B8%A1%E0%B8%B9%E0%B9%887,พิกัดต้นทาง + พิกัดปลายทาง
SKN,ร้านอาหารสัตว์ Mee-D Pet Shop,ร้านอาหารสัตว์ Mee-D Pet Shop,,,https://www.google.com/maps/search/?api=1&query=%E0%B8%A3%E0%B9%89%E0%B8%B2%E0%B8%99%E0%B8%AD%E0%B8%B2%E0%B8%AB%E0%B8%B2%E0%B8%A3%E0%B8%AA%E0%B8%B1%E0%B8%95%E0%B8%A7%E0%B9%8C%20Mee-D%20Pet%20Shop%20134/13%E0%B8%8B.%E0%B8%A1%E0%B8%B1%E0%B8%87%E0%B8%81%E0%B8%A3-%E0%B8%99%E0%B8%B2%E0%B8%84%E0%B8%94%E0%B8%B5%E0%B8%A1.5,ร้านอาหารสัตว์ Mee-D Pet Shop,,,https://www.google.com/maps/search/?api=1&query=%E0%B8%A3%E0%B9%89%E0%B8%B2%E0%B8%99%E0%B8%AD%E0%B8%B2%E0%B8%AB%E0%B8%B2%E0%B8%A3%E0%B8%AA%E0%B8%B1%E0%B8%95%E0%B8%A7%E0%B9%8C%20Mee-D%20Pet%20Shop%20134/13%E0%B8%8B.%E0%B8%A1%E0%B8%B1%E0%B8%87%E0%B8%81%E0%B8%A3-%E0%B8%99%E0%B8%B2%E0%B8%84%E0%B8%94%E0%B8%B5%E0%B8%A1.5,พิกัดต้นทาง + พิกัดปลายทาง
SKN,ร้านอาหารสัตว์ ช็อคกาดูฟ เพ็ทช็อป บางพลี สาขาบางพลี,ร้านอาหารสัตว์ ช็อคกาดูฟ เพ็ทช็อป บางพลี สาขาบางพลี,,,https://www.google.com/maps/search/?api=1&query=%E0%B8%A3%E0%B9%89%E0%B8%B2%E0%B8%99%E0%B8%AD%E0%B8%B2%E0%B8%AB%E0%B8%B2%E0%B8%A3%E0%B8%AA%E0%B8%B1%E0%B8%95%E0%B8%A7%E0%B9%8C%20%E0%B8%8A%E0%B9%87%E0%B8%AD%E0%B8%84%E0%B8%81%E0%B8%B2%E0%B8%94%E0%B8%B9%E0%B8%9F%20%E0%B9%80%E0%B8%9E%E0%B9%87%E0%B8%97%E0%B8%8A%E0%B9%87%E0%B8%AD%E0%B8%9B%20%E0%B8%9A%E0%B8%B2%E0%B8%87%E0%B8%9E%E0%B8%A5%E0%B8%B5%20%E0%B8%AA%E0%B8%B2%E0%B8%82%E0%B8%B2%E0%B8%9A%E0%B8%B2%E0%B8%87%E0%B8%9E%E0%B8%A5%E0%B8%B5%20%E0%B9%80%E0%B8%A5%E0%B8%82%E0%B8%97%E0%B8%B5%E0%B9%8898/3-4%E0%B8%AB%E0%B8%A1%E0%B8%B9%E0%B9%88%E0%B8%97%E0%B8%B5%E0%B9%881,ร้านอาหารสัตว์ ช็อคกาดูฟ เพ็ทช็อป บางพลี สาขาบางพลี,,,https://www.google.com/maps/search/?api=1&query=%E0%B8%A3%E0%B9%89%E0%B8%B2%E0%B8%99%E0%B8%AD%E0%B8%B2%E0%B8%AB%E0%B8%B2%E0%B8%A3%E0%B8%AA%E0%B8%B1%E0%B8%95%E0%B8%A7%E0%B9%8C%20%E0%B8%8A%E0%B9%87%E0%B8%AD%E0%B8%84%E0%B8%81%E0%B8%B2%E0%B8%94%E0%B8%B9%E0%B8%9F%20%E0%B9%80%E0%B8%9E%E0%B9%87%E0%B8%97%E0%B8%8A%E0%B9%87%E0%B8%AD%E0%B8%9B%20%E0%B8%9A%E0%B8%B2%E0%B8%87%E0%B8%9E%E0%B8%A5%E0%B8%B5%20%E0%B8%AA%E0%B8%B2%E0%B8%82%E0%B8%B2%E0%B8%9A%E0%B8%B2%E0%B8%87%E0%B8%9E%E0%B8%A5%E0%B8%B5%20%E0%B9%80%E0%B8%A5%E0%B8%82%E0%B8%97%E0%B8%B5%E0%B9%8898/3-4%E0%B8%AB%E0%B8%A1%E0%B8%B9%E0%B9%88%E0%B8%97%E0%B8%B5%E0%B9%881,พิกัดต้นทาง + พิกัดปลายทาง
SKN,ร้านอาหารสัตว์ ช็อคกาดูฟ เพ็ทช็อป บางพลี สาขาปากน้ำ,ร้านอาหารสัตว์ ช็อคกาดูฟ เพ็ทช็อป บางพลี สาขาปากน้ำ,,,https://www.google.com/maps/search/?api=1&query=%E0%B8%A3%E0%B9%89%E0%B8%B2%E0%B8%99%E0%B8%AD%E0%B8%B2%E0%B8%AB%E0%B8%B2%E0%B8%A3%E0%B8%AA%E0%B8%B1%E0%B8%95%E0%B8%A7%E0%B9%8C%20%E0%B8%8A%E0%B9%87%E0%B8%AD%E0%B8%84%E0%B8%81%E0%B8%B2%E0%B8%94%E0%B8%B9%E0%B8%9F%20%E0%B9%80%E0%B8%9E%E0%B9%87%E0%B8%97%E0%B8%8A%E0%B9%87%E0%B8%AD%E0%B8%9B%20%E0%B8%9A%E0%B8%B2%E0%B8%87%E0%B8%9E%E0%B8%A5%E0%B8%B5%20%E0%B8%AA%E0%B8%B2%E0%B8%82%E0%B8%B2%E0%B8%9B%E0%B8%B2%E0%B8%81%E0%B8%99%E0%B9%89%E0%B8%B3%20%E0%B9%80%E0%B8%A5%E0%B8%82%E0%B8%97%E0%B8%B5%E0%B9%88125%E0%B8%96.%E0%B8%AA%E0%B8%B8%E0%B8%82%E0%B8%B8%E0%B8%A1%E0%B8%A7%E0%B8%B4%E0%B8%97,ร้านอาหารสัตว์ ช็อคกาดูฟ เพ็ทช็อป บางพลี สาขาปากน้ำ,,,https://www.google.com/maps/search/?api=1&query=%E0%B8%A3%E0%B9%89%E0%B8%B2%E0%B8%99%E0%B8%AD%E0%B8%B2%E0%B8%AB%E0%B8%B2%E0%B8%A3%E0%B8%AA%E0%B8%B1%E0%B8%95%E0%B8%A7%E0%B9%8C%20%E0%B8%8A%E0%B9%87%E0%B8%AD%E0%B8%84%E0%B8%81%E0%B8%B2%E0%B8%94%E0%B8%B9%E0%B8%9F%20%E0%B9%80%E0%B8%9E%E0%B9%87%E0%B8%97%E0%B8%8A%E0%B9%87%E0%B8%AD%E0%B8%9B%20%E0%B8%9A%E0%B8%B2%E0%B8%87%E0%B8%9E%E0%B8%A5%E0%B8%B5%20%E0%B8%AA%E0%B8%B2%E0%B8%82%E0%B8%B2%E0%B8%9B%E0%B8%B2%E0%B8%81%E0%B8%99%E0%B9%89%E0%B8%B3%20%E0%B9%80%E0%B8%A5%E0%B8%82%E0%B8%97%E0%B8%B5%E0%B9%88125%E0%B8%96.%E0%B8%AA%E0%B8%B8%E0%B8%82%E0%B8%B8%E0%B8%A1%E0%B8%A7%E0%B8%B4%E0%B8%97,พิกัดต้นทาง + พิกัดปลายทาง
SKN,ร้านอิ่มอุ่นสัตว์น้ำ,ร้านอิ่มอุ่นสัตว์น้ำ,,,https://www.google.com/maps/search/?api=1&query=%E0%B8%A3%E0%B9%89%E0%B8%B2%E0%B8%99%E0%B8%AD%E0%B8%B4%E0%B9%88%E0%B8%A1%E0%B8%AD%E0%B8%B8%E0%B9%88%E0%B8%99%E0%B8%AA%E0%B8%B1%E0%B8%95%E0%B8%A7%E0%B9%8C%E0%B8%99%E0%B9%89%E0%B8%B3%20999/589%E0%B8%AB%E0%B8%A1%E0%B8%B9%E0%B9%885,ร้านอิ่มอุ่นสัตว์น้ำ,,,https://www.google.com/maps/search/?api=1&query=%E0%B8%A3%E0%B9%89%E0%B8%B2%E0%B8%99%E0%B8%AD%E0%B8%B4%E0%B9%88%E0%B8%A1%E0%B8%AD%E0%B8%B8%E0%B9%88%E0%B8%99%E0%B8%AA%E0%B8%B1%E0%B8%95%E0%B8%A7%E0%B9%8C%E0%B8%99%E0%B9%89%E0%B8%B3%20999/589%E0%B8%AB%E0%B8%A1%E0%B8%B9%E0%B9%885,พิกัดต้นทาง + พิกัดปลายทาง
SKN,รุ่งเรืองพาณิชย์,รุ่งเรืองพาณิชย์,,,https://www.google.com/maps/search/?api=1&query=%E0%B8%A3%E0%B8%B8%E0%B9%88%E0%B8%87%E0%B9%80%E0%B8%A3%E0%B8%B7%E0%B8%AD%E0%B8%87%E0%B8%9E%E0%B8%B2%E0%B8%93%E0%B8%B4%E0%B8%8A%E0%B8%A2%E0%B9%8C%20%E0%B9%80%E0%B8%A5%E0%B8%82%E0%B8%97%E0%B8%B5%E0%B9%88576%E0%B8%AB%E0%B8%A1%E0%B8%B9%E0%B9%88%E0%B8%97%E0%B8%B5%E0%B9%881,รุ่งเรืองพาณิชย์,,,https://www.google.com/maps/search/?api=1&query=%E0%B8%A3%E0%B8%B8%E0%B9%88%E0%B8%87%E0%B9%80%E0%B8%A3%E0%B8%B7%E0%B8%AD%E0%B8%87%E0%B8%9E%E0%B8%B2%E0%B8%93%E0%B8%B4%E0%B8%8A%E0%B8%A2%E0%B9%8C%20%E0%B9%80%E0%B8%A5%E0%B8%82%E0%B8%97%E0%B8%B5%E0%B9%88576%E0%B8%AB%E0%B8%A1%E0%B8%B9%E0%B9%88%E0%B8%97%E0%B8%B5%E0%B9%881,พิกัดต้นทาง + พิกัดปลายทาง
SKN,รุ่งเรืองเพ็ทเลิฟ,รุ่งเรืองเพ็ทเลิฟ,,,https://www.google.com/maps/search/?api=1&query=%E0%B8%A3%E0%B8%B8%E0%B9%88%E0%B8%87%E0%B9%80%E0%B8%A3%E0%B8%B7%E0%B8%AD%E0%B8%87%E0%B9%80%E0%B8%9E%E0%B9%87%E0%B8%97%E0%B9%80%E0%B8%A5%E0%B8%B4%E0%B8%9F%20%E0%B9%80%E0%B8%A5%E0%B8%82%E0%B8%97%E0%B8%B5%E0%B9%889/108%E0%B8%AB%E0%B8%A1%E0%B8%B9%E0%B9%889%E0%B8%96.%E0%B9%80%E0%B8%88%E0%B9%89%E0%B8%B2%E0%B8%9F%E0%B9%89%E0%B8%B2%E0%B8%95%E0%B8%B0%E0%B8%A7%E0%B8%B1%E0%B8%99%E0%B8%AD%E0%B8%AD%E0%B8%81,รุ่งเรืองเพ็ทเลิฟ,,,https://www.google.com/maps/search/?api=1&query=%E0%B8%A3%E0%B8%B8%E0%B9%88%E0%B8%87%E0%B9%80%E0%B8%A3%E0%B8%B7%E0%B8%AD%E0%B8%87%E0%B9%80%E0%B8%9E%E0%B9%87%E0%B8%97%E0%B9%80%E0%B8%A5%E0%B8%B4%E0%B8%9F%20%E0%B9%80%E0%B8%A5%E0%B8%82%E0%B8%97%E0%B8%B5%E0%B9%889/108%E0%B8%AB%E0%B8%A1%E0%B8%B9%E0%B9%889%E0%B8%96.%E0%B9%80%E0%B8%88%E0%B9%89%E0%B8%B2%E0%B8%9F%E0%B9%89%E0%B8%B2%E0%B8%95%E0%B8%B0%E0%B8%A7%E0%B8%B1%E0%B8%99%E0%B8%AD%E0%B8%AD%E0%B8%81,พิกัดต้นทาง + พิกัดปลายทาง
SKN,โรงพยาบาลสัตว์รังสิต-ปทุม,โรงพยาบาลสัตว์รังสิต-ปทุม,,,https://www.google.com/maps/search/?api=1&query=%E0%B9%82%E0%B8%A3%E0%B8%87%E0%B8%9E%E0%B8%A2%E0%B8%B2%E0%B8%9A%E0%B8%B2%E0%B8%A5%E0%B8%AA%E0%B8%B1%E0%B8%95%E0%B8%A7%E0%B9%8C%E0%B8%A3%E0%B8%B1%E0%B8%87%E0%B8%AA%E0%B8%B4%E0%B8%95-%E0%B8%9B%E0%B8%97%E0%B8%B8%E0%B8%A1%2040/3-9,โรงพยาบาลสัตว์รังสิต-ปทุม,,,https://www.google.com/maps/search/?api=1&query=%E0%B9%82%E0%B8%A3%E0%B8%87%E0%B8%9E%E0%B8%A2%E0%B8%B2%E0%B8%9A%E0%B8%B2%E0%B8%A5%E0%B8%AA%E0%B8%B1%E0%B8%95%E0%B8%A7%E0%B9%8C%E0%B8%A3%E0%B8%B1%E0%B8%87%E0%B8%AA%E0%B8%B4%E0%B8%95-%E0%B8%9B%E0%B8%97%E0%B8%B8%E0%B8%A1%2040/3-9,พิกัดต้นทาง + พิกัดปลายทาง
SKN,เลขที่ 2 โครงการ Midway Point@ หมายเลข BAC-PT 10-03 ปั๊มบางจาก,เลขที่ 2 โครงการ Midway Point@ หมายเลข BAC-PT 10-03 ปั๊มบางจาก,,,https://www.google.com/maps/search/?api=1&query=%E0%B9%80%E0%B8%A5%E0%B8%82%E0%B8%97%E0%B8%B5%E0%B9%88%202%20%E0%B9%82%E0%B8%84%E0%B8%A3%E0%B8%87%E0%B8%81%E0%B8%B2%E0%B8%A3%20Midway%20Point%40%20%E0%B8%AB%E0%B8%A1%E0%B8%B2%E0%B8%A2%E0%B9%80%E0%B8%A5%E0%B8%82%20BAC-PT%2010-03%20%E0%B8%9B%E0%B8%B1%E0%B9%8A%E0%B8%A1%E0%B8%9A%E0%B8%B2%E0%B8%87%E0%B8%88%E0%B8%B2%E0%B8%81%20%E0%B9%80%E0%B8%A5%E0%B8%82%E0%B8%97%E0%B8%B5%E0%B9%88%202%20%E0%B9%82%E0%B8%84%E0%B8%A3%E0%B8%87%E0%B8%81%E0%B8%B2%E0%B8%A3%20Midway%20Point%40%20%E0%B8%AB%E0%B8%A1%E0%B8%B2%E0%B8%A2%E0%B9%80%E0%B8%A5%E0%B8%82%20BAC-PT%2010-03%20%E0%B8%9B%E0%B8%B1%E0%B9%8A%E0%B8%A1%E0%B8%9A%E0%B8%B2%E0%B8%87%E0%B8%88%E0%B8%B2%E0%B8%81,เลขที่ 2 โครงการ Midway Point@ หมายเลข BAC-PT 10-03 ปั๊มบางจาก,,,https://www.google.com/maps/search/?api=1&query=%E0%B9%80%E0%B8%A5%E0%B8%82%E0%B8%97%E0%B8%B5%E0%B9%88%202%20%E0%B9%82%E0%B8%84%E0%B8%A3%E0%B8%87%E0%B8%81%E0%B8%B2%E0%B8%A3%20Midway%20Point%40%20%E0%B8%AB%E0%B8%A1%E0%B8%B2%E0%B8%A2%E0%B9%80%E0%B8%A5%E0%B8%82%20BAC-PT%2010-03%20%E0%B8%9B%E0%B8%B1%E0%B9%8A%E0%B8%A1%E0%B8%9A%E0%B8%B2%E0%B8%87%E0%B8%88%E0%B8%B2%E0%B8%81%20%E0%B9%80%E0%B8%A5%E0%B8%82%E0%B8%97%E0%B8%B5%E0%B9%88%202%20%E0%B9%82%E0%B8%84%E0%B8%A3%E0%B8%87%E0%B8%81%E0%B8%B2%E0%B8%A3%20Midway%20Point%40%20%E0%B8%AB%E0%B8%A1%E0%B8%B2%E0%B8%A2%E0%B9%80%E0%B8%A5%E0%B8%82%20BAC-PT%2010-03%20%E0%B8%9B%E0%B8%B1%E0%B9%8A%E0%B8%A1%E0%B8%9A%E0%B8%B2%E0%B8%87%E0%B8%88%E0%B8%B2%E0%B8%81,พิกัดต้นทาง + พิกัดปลายทาง
SKN,เลขที่ 22/7,เลขที่ 22/7,,,https://www.google.com/maps/search/?api=1&query=%E0%B9%80%E0%B8%A5%E0%B8%82%E0%B8%97%E0%B8%B5%E0%B9%88%2022/7%20%E0%B9%80%E0%B8%A5%E0%B8%82%E0%B8%97%E0%B8%B5%E0%B9%88%2022/7,เลขที่ 22/7,,,https://www.google.com/maps/search/?api=1&query=%E0%B9%80%E0%B8%A5%E0%B8%82%E0%B8%97%E0%B8%B5%E0%B9%88%2022/7%20%E0%B9%80%E0%B8%A5%E0%B8%82%E0%B8%97%E0%B8%B5%E0%B9%88%2022/7,พิกัดต้นทาง + พิกัดปลายทาง
SKN,เลขที่ 428/10 หมู่บ้าน เดอะ รีเจ้นท์ สตรีท,เลขที่ 428/10 หมู่บ้าน เดอะ รีเจ้นท์ สตรีท,,,https://www.google.com/maps/search/?api=1&query=%E0%B9%80%E0%B8%A5%E0%B8%82%E0%B8%97%E0%B8%B5%E0%B9%88%20428/10%20%E0%B8%AB%E0%B8%A1%E0%B8%B9%E0%B9%88%E0%B8%9A%E0%B9%89%E0%B8%B2%E0%B8%99%20%E0%B9%80%E0%B8%94%E0%B8%AD%E0%B8%B0%20%E0%B8%A3%E0%B8%B5%E0%B9%80%E0%B8%88%E0%B9%89%E0%B8%99%E0%B8%97%E0%B9%8C%20%E0%B8%AA%E0%B8%95%E0%B8%A3%E0%B8%B5%E0%B8%97%20%E0%B9%80%E0%B8%A5%E0%B8%82%E0%B8%97%E0%B8%B5%E0%B9%88%20428/10%20%E0%B8%AB%E0%B8%A1%E0%B8%B9%E0%B9%88%E0%B8%9A%E0%B9%89%E0%B8%B2%E0%B8%99%20%E0%B9%80%E0%B8%94%E0%B8%AD%E0%B8%B0%20%E0%B8%A3%E0%B8%B5%E0%B9%80%E0%B8%88%E0%B9%89%E0%B8%99%E0%B8%97%E0%B9%8C%20%E0%B8%AA%E0%B8%95%E0%B8%A3%E0%B8%B5%E0%B8%97,เลขที่ 428/10 หมู่บ้าน เดอะ รีเจ้นท์ สตรีท,,,https://www.google.com/maps/search/?api=1&query=%E0%B9%80%E0%B8%A5%E0%B8%82%E0%B8%97%E0%B8%B5%E0%B9%88%20428/10%20%E0%B8%AB%E0%B8%A1%E0%B8%B9%E0%B9%88%E0%B8%9A%E0%B9%89%E0%B8%B2%E0%B8%99%20%E0%B9%80%E0%B8%94%E0%B8%AD%E0%B8%B0%20%E0%B8%A3%E0%B8%B5%E0%B9%80%E0%B8%88%E0%B9%89%E0%B8%99%E0%B8%97%E0%B9%8C%20%E0%B8%AA%E0%B8%95%E0%B8%A3%E0%B8%B5%E0%B8%97%20%E0%B9%80%E0%B8%A5%E0%B8%82%E0%B8%97%E0%B8%B5%E0%B9%88%20428/10%20%E0%B8%AB%E0%B8%A1%E0%B8%B9%E0%B9%88%E0%B8%9A%E0%B9%89%E0%B8%B2%E0%B8%99%20%E0%B9%80%E0%B8%94%E0%B8%AD%E0%B8%B0%20%E0%B8%A3%E0%B8%B5%E0%B9%80%E0%B8%88%E0%B9%89%E0%B8%99%E0%B8%97%E0%B9%8C%20%E0%B8%AA%E0%B8%95%E0%B8%A3%E0%B8%B5%E0%B8%97,พิกัดต้นทาง + พิกัดปลายทาง
SKN,เลขที่ 456/65,เลขที่ 456/65,,,https://www.google.com/maps/search/?api=1&query=%E0%B9%80%E0%B8%A5%E0%B8%82%E0%B8%97%E0%B8%B5%E0%B9%88%20456/65%20%E0%B9%80%E0%B8%A5%E0%B8%82%E0%B8%97%E0%B8%B5%E0%B9%88%20456/65,เลขที่ 456/65,,,https://www.google.com/maps/search/?api=1&query=%E0%B9%80%E0%B8%A5%E0%B8%82%E0%B8%97%E0%B8%B5%E0%B9%88%20456/65%20%E0%B9%80%E0%B8%A5%E0%B8%82%E0%B8%97%E0%B8%B5%E0%B9%88%20456/65,พิกัดต้นทาง + พิกัดปลายทาง
SKN,วีว่า สาขา ปตท.ติวานนท์,วีว่า สาขา ปตท.ติวานนท์,,,https://www.google.com/maps/search/?api=1&query=%E0%B8%A7%E0%B8%B5%E0%B8%A7%E0%B9%88%E0%B8%B2%20%E0%B8%AA%E0%B8%B2%E0%B8%82%E0%B8%B2%20%E0%B8%9B%E0%B8%95%E0%B8%97.%E0%B8%95%E0%B8%B4%E0%B8%A7%E0%B8%B2%E0%B8%99%E0%B8%99%E0%B8%97%E0%B9%8C%20%E0%B9%80%E0%B8%A5%E0%B8%82%E0%B8%97%E0%B8%B5%E0%B9%8883/3%E0%B8%AB%E0%B9%89%E0%B8%AD%E0%B8%87%E0%B9%80%E0%B8%A5%E0%B8%82%E0%B8%97%E0%B8%B5%E0%B9%88B3-B4%E0%B8%AB%E0%B8%A1%E0%B8%B9%E0%B9%88%E0%B8%97%E0%B8%B5%E0%B9%882,วีว่า สาขา ปตท.ติวานนท์,,,https://www.google.com/maps/search/?api=1&query=%E0%B8%A7%E0%B8%B5%E0%B8%A7%E0%B9%88%E0%B8%B2%20%E0%B8%AA%E0%B8%B2%E0%B8%82%E0%B8%B2%20%E0%B8%9B%E0%B8%95%E0%B8%97.%E0%B8%95%E0%B8%B4%E0%B8%A7%E0%B8%B2%E0%B8%99%E0%B8%99%E0%B8%97%E0%B9%8C%20%E0%B9%80%E0%B8%A5%E0%B8%82%E0%B8%97%E0%B8%B5%E0%B9%8883/3%E0%B8%AB%E0%B9%89%E0%B8%AD%E0%B8%87%E0%B9%80%E0%B8%A5%E0%B8%82%E0%B8%97%E0%B8%B5%E0%B9%88B3-B4%E0%B8%AB%E0%B8%A1%E0%B8%B9%E0%B9%88%E0%B8%97%E0%B8%B5%E0%B9%882,พิกัดต้นทาง + พิกัดปลายทาง
SKN,วีว่า อีสวิลล์,วีว่า อีสวิลล์,,,https://www.google.com/maps/search/?api=1&query=%E0%B8%A7%E0%B8%B5%E0%B8%A7%E0%B9%88%E0%B8%B2%20%E0%B8%AD%E0%B8%B5%E0%B8%AA%E0%B8%A7%E0%B8%B4%E0%B8%A5%E0%B8%A5%E0%B9%8C%20107%2C%20PP-101%2C%2069-69/2%20102%2C%20CentralFestival%20EastVille%2C,วีว่า อีสวิลล์,,,https://www.google.com/maps/search/?api=1&query=%E0%B8%A7%E0%B8%B5%E0%B8%A7%E0%B9%88%E0%B8%B2%20%E0%B8%AD%E0%B8%B5%E0%B8%AA%E0%B8%A7%E0%B8%B4%E0%B8%A5%E0%B8%A5%E0%B9%8C%20107%2C%20PP-101%2C%2069-69/2%20102%2C%20CentralFestival%20EastVille%2C,พิกัดต้นทาง + พิกัดปลายทาง
SKN,วีว่าสาขาแจ้งวัฒนะส่งที่เมืองทอง,วีว่าสาขาแจ้งวัฒนะส่งที่เมืองทอง,,,https://www.google.com/maps/search/?api=1&query=%E0%B8%A7%E0%B8%B5%E0%B8%A7%E0%B9%88%E0%B8%B2%E0%B8%AA%E0%B8%B2%E0%B8%82%E0%B8%B2%E0%B9%81%E0%B8%88%E0%B9%89%E0%B8%87%E0%B8%A7%E0%B8%B1%E0%B8%92%E0%B8%99%E0%B8%B0%E0%B8%AA%E0%B9%88%E0%B8%87%E0%B8%97%E0%B8%B5%E0%B9%88%E0%B9%80%E0%B8%A1%E0%B8%B7%E0%B8%AD%E0%B8%87%E0%B8%97%E0%B8%AD%E0%B8%87%2058/93%E0%B8%A1.3,วีว่าสาขาแจ้งวัฒนะส่งที่เมืองทอง,,,https://www.google.com/maps/search/?api=1&query=%E0%B8%A7%E0%B8%B5%E0%B8%A7%E0%B9%88%E0%B8%B2%E0%B8%AA%E0%B8%B2%E0%B8%82%E0%B8%B2%E0%B9%81%E0%B8%88%E0%B9%89%E0%B8%87%E0%B8%A7%E0%B8%B1%E0%B8%92%E0%B8%99%E0%B8%B0%E0%B8%AA%E0%B9%88%E0%B8%87%E0%B8%97%E0%B8%B5%E0%B9%88%E0%B9%80%E0%B8%A1%E0%B8%B7%E0%B8%AD%E0%B8%87%E0%B8%97%E0%B8%AD%E0%B8%87%2058/93%E0%B8%A1.3,พิกัดต้นทาง + พิกัดปลายทาง
SKN,วีว่าสาขาเซ็นทรัลมหาชัย,วีว่าสาขาเซ็นทรัลมหาชัย,,,https://www.google.com/maps/search/?api=1&query=%E0%B8%A7%E0%B8%B5%E0%B8%A7%E0%B9%88%E0%B8%B2%E0%B8%AA%E0%B8%B2%E0%B8%82%E0%B8%B2%E0%B9%80%E0%B8%8B%E0%B9%87%E0%B8%99%E0%B8%97%E0%B8%A3%E0%B8%B1%E0%B8%A5%E0%B8%A1%E0%B8%AB%E0%B8%B2%E0%B8%8A%E0%B8%B1%E0%B8%A2%2098%E0%B8%8A%E0%B8%B1%E0%B9%89%E0%B8%99G%E0%B8%AB%E0%B9%89%E0%B8%AD%E0%B8%87G02%E0%B8%AB%E0%B8%A1%E0%B8%B9%E0%B9%884,วีว่าสาขาเซ็นทรัลมหาชัย,,,https://www.google.com/maps/search/?api=1&query=%E0%B8%A7%E0%B8%B5%E0%B8%A7%E0%B9%88%E0%B8%B2%E0%B8%AA%E0%B8%B2%E0%B8%82%E0%B8%B2%E0%B9%80%E0%B8%8B%E0%B9%87%E0%B8%99%E0%B8%97%E0%B8%A3%E0%B8%B1%E0%B8%A5%E0%B8%A1%E0%B8%AB%E0%B8%B2%E0%B8%8A%E0%B8%B1%E0%B8%A2%2098%E0%B8%8A%E0%B8%B1%E0%B9%89%E0%B8%99G%E0%B8%AB%E0%B9%89%E0%B8%AD%E0%B8%87G02%E0%B8%AB%E0%B8%A1%E0%B8%B9%E0%B9%884,พิกัดต้นทาง + พิกัดปลายทาง
SKN,วีว่าสาขาออฟฟิตสำนักงานใหญ่,วีว่าสาขาออฟฟิตสำนักงานใหญ่,,,https://www.google.com/maps/search/?api=1&query=%E0%B8%A7%E0%B8%B5%E0%B8%A7%E0%B9%88%E0%B8%B2%E0%B8%AA%E0%B8%B2%E0%B8%82%E0%B8%B2%E0%B8%AD%E0%B8%AD%E0%B8%9F%E0%B8%9F%E0%B8%B4%E0%B8%95%E0%B8%AA%E0%B8%B3%E0%B8%99%E0%B8%B1%E0%B8%81%E0%B8%87%E0%B8%B2%E0%B8%99%E0%B9%83%E0%B8%AB%E0%B8%8D%E0%B9%88%2099/88%E0%B8%AB%E0%B8%A1%E0%B8%B9%E0%B9%8816,วีว่าสาขาออฟฟิตสำนักงานใหญ่,,,https://www.google.com/maps/search/?api=1&query=%E0%B8%A7%E0%B8%B5%E0%B8%A7%E0%B9%88%E0%B8%B2%E0%B8%AA%E0%B8%B2%E0%B8%82%E0%B8%B2%E0%B8%AD%E0%B8%AD%E0%B8%9F%E0%B8%9F%E0%B8%B4%E0%B8%95%E0%B8%AA%E0%B8%B3%E0%B8%99%E0%B8%B1%E0%B8%81%E0%B8%87%E0%B8%B2%E0%B8%99%E0%B9%83%E0%B8%AB%E0%B8%8D%E0%B9%88%2099/88%E0%B8%AB%E0%B8%A1%E0%B8%B9%E0%B9%8816,พิกัดต้นทาง + พิกัดปลายทาง
SKN,ศูนย์กระจายสินค้า  ปิโตรเลียม,ศูนย์กระจายสินค้า  ปิโตรเลียม,,,https://www.google.com/maps/search/?api=1&query=%E0%B8%A8%E0%B8%B9%E0%B8%99%E0%B8%A2%E0%B9%8C%E0%B8%81%E0%B8%A3%E0%B8%B0%E0%B8%88%E0%B8%B2%E0%B8%A2%E0%B8%AA%E0%B8%B4%E0%B8%99%E0%B8%84%E0%B9%89%E0%B8%B2%20%E0%B8%9B%E0%B8%B4%E0%B9%82%E0%B8%95%E0%B8%A3%E0%B9%80%E0%B8%A5%E0%B8%B5%E0%B8%A2%E0%B8%A1%20141%204,ศูนย์กระจายสินค้า  ปิโตรเลียม,,,https://www.google.com/maps/search/?api=1&query=%E0%B8%A8%E0%B8%B9%E0%B8%99%E0%B8%A2%E0%B9%8C%E0%B8%81%E0%B8%A3%E0%B8%B0%E0%B8%88%E0%B8%B2%E0%B8%A2%E0%B8%AA%E0%B8%B4%E0%B8%99%E0%B8%84%E0%B9%89%E0%B8%B2%20%E0%B8%9B%E0%B8%B4%E0%B9%82%E0%B8%95%E0%B8%A3%E0%B9%80%E0%B8%A5%E0%B8%B5%E0%B8%A2%E0%B8%A1%20141%204,พิกัดต้นทาง + พิกัดปลายทาง
SKN,สเตชั่น เพ็ทช็อป,สเตชั่น เพ็ทช็อป,,,https://www.google.com/maps/search/?api=1&query=%E0%B8%AA%E0%B9%80%E0%B8%95%E0%B8%8A%E0%B8%B1%E0%B9%88%E0%B8%99%20%E0%B9%80%E0%B8%9E%E0%B9%87%E0%B8%97%E0%B8%8A%E0%B9%87%E0%B8%AD%E0%B8%9B%20%E0%B9%80%E0%B8%A5%E0%B8%82%E0%B8%97%E0%B8%B5%E0%B9%888/22,สเตชั่น เพ็ทช็อป,,,https://www.google.com/maps/search/?api=1&query=%E0%B8%AA%E0%B9%80%E0%B8%95%E0%B8%8A%E0%B8%B1%E0%B9%88%E0%B8%99%20%E0%B9%80%E0%B8%9E%E0%B9%87%E0%B8%97%E0%B8%8A%E0%B9%87%E0%B8%AD%E0%B8%9B%20%E0%B9%80%E0%B8%A5%E0%B8%82%E0%B8%97%E0%B8%B5%E0%B9%888/22,พิกัดต้นทาง + พิกัดปลายทาง
SKN,สถานีรถไฟฟ้าอ่อนนุช,สถานีรถไฟฟ้าอ่อนนุช,,,https://www.google.com/maps/search/?api=1&query=%E0%B8%AA%E0%B8%96%E0%B8%B2%E0%B8%99%E0%B8%B5%E0%B8%A3%E0%B8%96%E0%B9%84%E0%B8%9F%E0%B8%9F%E0%B9%89%E0%B8%B2%E0%B8%AD%E0%B9%88%E0%B8%AD%E0%B8%99%E0%B8%99%E0%B8%B8%E0%B8%8A%20%E0%B8%AA%E0%B8%96%E0%B8%B2%E0%B8%99%E0%B8%B5%E0%B8%A3%E0%B8%96%E0%B9%84%E0%B8%9F%E0%B8%9F%E0%B9%89%E0%B8%B2%E0%B8%AD%E0%B9%88%E0%B8%AD%E0%B8%99%E0%B8%99%E0%B8%B8%E0%B8%8A,สถานีรถไฟฟ้าอ่อนนุช,,,https://www.google.com/maps/search/?api=1&query=%E0%B8%AA%E0%B8%96%E0%B8%B2%E0%B8%99%E0%B8%B5%E0%B8%A3%E0%B8%96%E0%B9%84%E0%B8%9F%E0%B8%9F%E0%B9%89%E0%B8%B2%E0%B8%AD%E0%B9%88%E0%B8%AD%E0%B8%99%E0%B8%99%E0%B8%B8%E0%B8%8A%20%E0%B8%AA%E0%B8%96%E0%B8%B2%E0%B8%99%E0%B8%B5%E0%B8%A3%E0%B8%96%E0%B9%84%E0%B8%9F%E0%B8%9F%E0%B9%89%E0%B8%B2%E0%B8%AD%E0%B9%88%E0%B8%AD%E0%B8%99%E0%B8%99%E0%B8%B8%E0%B8%8A,พิกัดต้นทาง + พิกัดปลายทาง
SKN,สมายเพ็ทส์,สมายเพ็ทส์,,,https://www.google.com/maps/search/?api=1&query=%E0%B8%AA%E0%B8%A1%E0%B8%B2%E0%B8%A2%E0%B9%80%E0%B8%9E%E0%B9%87%E0%B8%97%E0%B8%AA%E0%B9%8C%20193/3%E0%B8%AB%E0%B8%A1%E0%B8%B9%E0%B9%887,สมายเพ็ทส์,,,https://www.google.com/maps/search/?api=1&query=%E0%B8%AA%E0%B8%A1%E0%B8%B2%E0%B8%A2%E0%B9%80%E0%B8%9E%E0%B9%87%E0%B8%97%E0%B8%AA%E0%B9%8C%20193/3%E0%B8%AB%E0%B8%A1%E0%B8%B9%E0%B9%887,พิกัดต้นทาง + พิกัดปลายทาง
SKN,สยามโคลทติ้ง,สยามโคลทติ้ง,,,https://www.google.com/maps/search/?api=1&query=%E0%B8%AA%E0%B8%A2%E0%B8%B2%E0%B8%A1%E0%B9%82%E0%B8%84%E0%B8%A5%E0%B8%97%E0%B8%95%E0%B8%B4%E0%B9%89%E0%B8%87%2039/100-101%20%E0%B8%A1.2%20%E0%B8%99%E0%B8%B4%E0%B8%84%E0%B8%A1%E0%B8%AD%E0%B8%B8%E0%B8%95%E0%B8%AA%E0%B8%B2%E0%B8%AB%E0%B8%81%E0%B8%A3%E0%B8%A3%E0%B8%A1%E0%B8%AA%E0%B8%A1%E0%B8%B8%E0%B8%97%E0%B8%A3%E0%B8%AA%E0%B8%B2%E0%B8%84%E0%B8%A3,สยามโคลทติ้ง,,,https://www.google.com/maps/search/?api=1&query=%E0%B8%AA%E0%B8%A2%E0%B8%B2%E0%B8%A1%E0%B9%82%E0%B8%84%E0%B8%A5%E0%B8%97%E0%B8%95%E0%B8%B4%E0%B9%89%E0%B8%87%2039/100-101%20%E0%B8%A1.2%20%E0%B8%99%E0%B8%B4%E0%B8%84%E0%B8%A1%E0%B8%AD%E0%B8%B8%E0%B8%95%E0%B8%AA%E0%B8%B2%E0%B8%AB%E0%B8%81%E0%B8%A3%E0%B8%A3%E0%B8%A1%E0%B8%AA%E0%B8%A1%E0%B8%B8%E0%B8%97%E0%B8%A3%E0%B8%AA%E0%B8%B2%E0%B8%84%E0%B8%A3,พิกัดต้นทาง + พิกัดปลายทาง
SKN,สหภีม เพ็ทช็อป,สหภีม เพ็ทช็อป,,,https://www.google.com/maps/search/?api=1&query=%E0%B8%AA%E0%B8%AB%E0%B8%A0%E0%B8%B5%E0%B8%A1%20%E0%B9%80%E0%B8%9E%E0%B9%87%E0%B8%97%E0%B8%8A%E0%B9%87%E0%B8%AD%E0%B8%9B%20%E0%B9%80%E0%B8%A5%E0%B8%82%E0%B8%97%E0%B8%B5%E0%B9%8884/42%E0%B8%AB%E0%B8%A1%E0%B8%B9%E0%B9%882,สหภีม เพ็ทช็อป,,,https://www.google.com/maps/search/?api=1&query=%E0%B8%AA%E0%B8%AB%E0%B8%A0%E0%B8%B5%E0%B8%A1%20%E0%B9%80%E0%B8%9E%E0%B9%87%E0%B8%97%E0%B8%8A%E0%B9%87%E0%B8%AD%E0%B8%9B%20%E0%B9%80%E0%B8%A5%E0%B8%82%E0%B8%97%E0%B8%B5%E0%B9%8884/42%E0%B8%AB%E0%B8%A1%E0%B8%B9%E0%B9%882,พิกัดต้นทาง + พิกัดปลายทาง
SKN,สะตังค์ เพ็ทช็อป,สะตังค์ เพ็ทช็อป,,,https://www.google.com/maps/search/?api=1&query=%E0%B8%AA%E0%B8%B0%E0%B8%95%E0%B8%B1%E0%B8%87%E0%B8%84%E0%B9%8C%20%E0%B9%80%E0%B8%9E%E0%B9%87%E0%B8%97%E0%B8%8A%E0%B9%87%E0%B8%AD%E0%B8%9B%20159%E0%B8%AB%E0%B8%A1%E0%B8%B9%E0%B9%882,สะตังค์ เพ็ทช็อป,,,https://www.google.com/maps/search/?api=1&query=%E0%B8%AA%E0%B8%B0%E0%B8%95%E0%B8%B1%E0%B8%87%E0%B8%84%E0%B9%8C%20%E0%B9%80%E0%B8%9E%E0%B9%87%E0%B8%97%E0%B8%8A%E0%B9%87%E0%B8%AD%E0%B8%9B%20159%E0%B8%AB%E0%B8%A1%E0%B8%B9%E0%B9%882,พิกัดต้นทาง + พิกัดปลายทาง
SKN,สัตวแพทย์คลองหก,สัตวแพทย์คลองหก,,,https://www.google.com/maps/search/?api=1&query=%E0%B8%AA%E0%B8%B1%E0%B8%95%E0%B8%A7%E0%B9%81%E0%B8%9E%E0%B8%97%E0%B8%A2%E0%B9%8C%E0%B8%84%E0%B8%A5%E0%B8%AD%E0%B8%87%E0%B8%AB%E0%B8%81%2029/7%E0%B8%AB%E0%B8%A1%E0%B8%B9%E0%B9%885,สัตวแพทย์คลองหก,,,https://www.google.com/maps/search/?api=1&query=%E0%B8%AA%E0%B8%B1%E0%B8%95%E0%B8%A7%E0%B9%81%E0%B8%9E%E0%B8%97%E0%B8%A2%E0%B9%8C%E0%B8%84%E0%B8%A5%E0%B8%AD%E0%B8%87%E0%B8%AB%E0%B8%81%2029/7%E0%B8%AB%E0%B8%A1%E0%B8%B9%E0%B9%885,พิกัดต้นทาง + พิกัดปลายทาง
SKN,สาขา ฟาร์ม Going Merry นายนิติพงศ์ พิริยฉัตรสิริ,สาขา ฟาร์ม Going Merry นายนิติพงศ์ พิริยฉัตรสิริ,,,https://www.google.com/maps/search/?api=1&query=%E0%B8%AA%E0%B8%B2%E0%B8%82%E0%B8%B2%20%E0%B8%9F%E0%B8%B2%E0%B8%A3%E0%B9%8C%E0%B8%A1%20Going%20Merry%20%E0%B8%99%E0%B8%B2%E0%B8%A2%E0%B8%99%E0%B8%B4%E0%B8%95%E0%B8%B4%E0%B8%9E%E0%B8%87%E0%B8%A8%E0%B9%8C%20%E0%B8%9E%E0%B8%B4%E0%B8%A3%E0%B8%B4%E0%B8%A2%E0%B8%89%E0%B8%B1%E0%B8%95%E0%B8%A3%E0%B8%AA%E0%B8%B4%E0%B8%A3%E0%B8%B4%2025/517%E0%B8%8B.26%E0%B8%96.%E0%B9%81%E0%B8%88%E0%B9%89%E0%B8%87%E0%B8%A7%E0%B8%B1%E0%B8%92%E0%B8%99%E0%B8%B0,สาขา ฟาร์ม Going Merry นายนิติพงศ์ พิริยฉัตรสิริ,,,https://www.google.com/maps/search/?api=1&query=%E0%B8%AA%E0%B8%B2%E0%B8%82%E0%B8%B2%20%E0%B8%9F%E0%B8%B2%E0%B8%A3%E0%B9%8C%E0%B8%A1%20Going%20Merry%20%E0%B8%99%E0%B8%B2%E0%B8%A2%E0%B8%99%E0%B8%B4%E0%B8%95%E0%B8%B4%E0%B8%9E%E0%B8%87%E0%B8%A8%E0%B9%8C%20%E0%B8%9E%E0%B8%B4%E0%B8%A3%E0%B8%B4%E0%B8%A2%E0%B8%89%E0%B8%B1%E0%B8%95%E0%B8%A3%E0%B8%AA%E0%B8%B4%E0%B8%A3%E0%B8%B4%2025/517%E0%B8%8B.26%E0%B8%96.%E0%B9%81%E0%B8%88%E0%B9%89%E0%B8%87%E0%B8%A7%E0%B8%B1%E0%B8%92%E0%B8%99%E0%B8%B0,พิกัดต้นทาง + พิกัดปลายทาง
SKN,สีทอง เซ็นเตอร์,สีทอง เซ็นเตอร์,,,https://www.google.com/maps/search/?api=1&query=%E0%B8%AA%E0%B8%B5%E0%B8%97%E0%B8%AD%E0%B8%87%20%E0%B9%80%E0%B8%8B%E0%B9%87%E0%B8%99%E0%B9%80%E0%B8%95%E0%B8%AD%E0%B8%A3%E0%B9%8C%20%E0%B9%80%E0%B8%A5%E0%B8%82%E0%B8%97%E0%B8%B5%E0%B9%8873%E0%B8%AB%E0%B8%A1%E0%B8%B9%E0%B9%883,สีทอง เซ็นเตอร์,,,https://www.google.com/maps/search/?api=1&query=%E0%B8%AA%E0%B8%B5%E0%B8%97%E0%B8%AD%E0%B8%87%20%E0%B9%80%E0%B8%8B%E0%B9%87%E0%B8%99%E0%B9%80%E0%B8%95%E0%B8%AD%E0%B8%A3%E0%B9%8C%20%E0%B9%80%E0%B8%A5%E0%B8%82%E0%B8%97%E0%B8%B5%E0%B9%8873%E0%B8%AB%E0%B8%A1%E0%B8%B9%E0%B9%883,พิกัดต้นทาง + พิกัดปลายทาง
SKN,สุพันธุ์ญาพาณิช,สุพันธุ์ญาพาณิช,,,https://www.google.com/maps/search/?api=1&query=%E0%B8%AA%E0%B8%B8%E0%B8%9E%E0%B8%B1%E0%B8%99%E0%B8%98%E0%B8%B8%E0%B9%8C%E0%B8%8D%E0%B8%B2%E0%B8%9E%E0%B8%B2%E0%B8%93%E0%B8%B4%E0%B8%8A%2069/42%E0%B8%A1.8,สุพันธุ์ญาพาณิช,,,https://www.google.com/maps/search/?api=1&query=%E0%B8%AA%E0%B8%B8%E0%B8%9E%E0%B8%B1%E0%B8%99%E0%B8%98%E0%B8%B8%E0%B9%8C%E0%B8%8D%E0%B8%B2%E0%B8%9E%E0%B8%B2%E0%B8%93%E0%B8%B4%E0%B8%8A%2069/42%E0%B8%A1.8,พิกัดต้นทาง + พิกัดปลายทาง
SKN,แสตมป์ เพ็ทช็อป,แสตมป์ เพ็ทช็อป,,,https://www.google.com/maps/search/?api=1&query=%E0%B9%81%E0%B8%AA%E0%B8%95%E0%B8%A1%E0%B8%9B%E0%B9%8C%20%E0%B9%80%E0%B8%9E%E0%B9%87%E0%B8%97%E0%B8%8A%E0%B9%87%E0%B8%AD%E0%B8%9B%20%E0%B9%80%E0%B8%A5%E0%B8%82%E0%B8%97%E0%B8%B5%E0%B9%88155/8%E0%B8%AB%E0%B8%A1%E0%B8%B9%E0%B9%884,แสตมป์ เพ็ทช็อป,,,https://www.google.com/maps/search/?api=1&query=%E0%B9%81%E0%B8%AA%E0%B8%95%E0%B8%A1%E0%B8%9B%E0%B9%8C%20%E0%B9%80%E0%B8%9E%E0%B9%87%E0%B8%97%E0%B8%8A%E0%B9%87%E0%B8%AD%E0%B8%9B%20%E0%B9%80%E0%B8%A5%E0%B8%82%E0%B8%97%E0%B8%B5%E0%B9%88155/8%E0%B8%AB%E0%B8%A1%E0%B8%B9%E0%B9%884,พิกัดต้นทาง + พิกัดปลายทาง
SKN,หจก.โกรว์ เพ็ทช็อป สาขาราชพฤกษ์,หจก.โกรว์ เพ็ทช็อป สาขาราชพฤกษ์,,,https://www.google.com/maps/search/?api=1&query=%E0%B8%AB%E0%B8%88%E0%B8%81.%E0%B9%82%E0%B8%81%E0%B8%A3%E0%B8%A7%E0%B9%8C%20%E0%B9%80%E0%B8%9E%E0%B9%87%E0%B8%97%E0%B8%8A%E0%B9%87%E0%B8%AD%E0%B8%9B%20%E0%B8%AA%E0%B8%B2%E0%B8%82%E0%B8%B2%E0%B8%A3%E0%B8%B2%E0%B8%8A%E0%B8%9E%E0%B8%A4%E0%B8%81%E0%B8%A9%E0%B9%8C%205411%E0%B8%AB%E0%B8%A1%E0%B8%B9%E0%B9%882%E0%B8%96%E0%B8%99%E0%B8%99%E0%B8%A3%E0%B8%B2%E0%B8%8A%E0%B8%9E%E0%B8%A4%E0%B8%81%E0%B8%A9%E0%B9%8C,หจก.โกรว์ เพ็ทช็อป สาขาราชพฤกษ์,,,https://www.google.com/maps/search/?api=1&query=%E0%B8%AB%E0%B8%88%E0%B8%81.%E0%B9%82%E0%B8%81%E0%B8%A3%E0%B8%A7%E0%B9%8C%20%E0%B9%80%E0%B8%9E%E0%B9%87%E0%B8%97%E0%B8%8A%E0%B9%87%E0%B8%AD%E0%B8%9B%20%E0%B8%AA%E0%B8%B2%E0%B8%82%E0%B8%B2%E0%B8%A3%E0%B8%B2%E0%B8%8A%E0%B8%9E%E0%B8%A4%E0%B8%81%E0%B8%A9%E0%B9%8C%205411%E0%B8%AB%E0%B8%A1%E0%B8%B9%E0%B9%882%E0%B8%96%E0%B8%99%E0%B8%99%E0%B8%A3%E0%B8%B2%E0%B8%8A%E0%B8%9E%E0%B8%A4%E0%B8%81%E0%B8%A9%E0%B9%8C,พิกัดต้นทาง + พิกัดปลายทาง
SKN,หจก.พีแอล อินเตอร์เนชั่นแนล เทรดดิ้ง,หจก.พีแอล อินเตอร์เนชั่นแนล เทรดดิ้ง,,,https://www.google.com/maps/search/?api=1&query=%E0%B8%AB%E0%B8%88%E0%B8%81.%E0%B8%9E%E0%B8%B5%E0%B9%81%E0%B8%AD%E0%B8%A5%20%E0%B8%AD%E0%B8%B4%E0%B8%99%E0%B9%80%E0%B8%95%E0%B8%AD%E0%B8%A3%E0%B9%8C%E0%B9%80%E0%B8%99%E0%B8%8A%E0%B8%B1%E0%B9%88%E0%B8%99%E0%B9%81%E0%B8%99%E0%B8%A5%20%E0%B9%80%E0%B8%97%E0%B8%A3%E0%B8%94%E0%B8%94%E0%B8%B4%E0%B9%89%E0%B8%87%20%E0%B9%80%E0%B8%A5%E0%B8%82%E0%B8%97%E0%B8%B5%E0%B9%8898/252%E0%B8%AB%E0%B8%A1%E0%B8%B9%E0%B9%88%E0%B8%97%E0%B8%B5%E0%B9%8822,หจก.พีแอล อินเตอร์เนชั่นแนล เทรดดิ้ง,,,https://www.google.com/maps/search/?api=1&query=%E0%B8%AB%E0%B8%88%E0%B8%81.%E0%B8%9E%E0%B8%B5%E0%B9%81%E0%B8%AD%E0%B8%A5%20%E0%B8%AD%E0%B8%B4%E0%B8%99%E0%B9%80%E0%B8%95%E0%B8%AD%E0%B8%A3%E0%B9%8C%E0%B9%80%E0%B8%99%E0%B8%8A%E0%B8%B1%E0%B9%88%E0%B8%99%E0%B9%81%E0%B8%99%E0%B8%A5%20%E0%B9%80%E0%B8%97%E0%B8%A3%E0%B8%94%E0%B8%94%E0%B8%B4%E0%B9%89%E0%B8%87%20%E0%B9%80%E0%B8%A5%E0%B8%82%E0%B8%97%E0%B8%B5%E0%B9%8898/252%E0%B8%AB%E0%B8%A1%E0%B8%B9%E0%B9%88%E0%B8%97%E0%B8%B5%E0%B9%8822,พิกัดต้นทาง + พิกัดปลายทาง
SKN,หจก.มี มอร์ เพ็ท ซัพพลาย,หจก.มี มอร์ เพ็ท ซัพพลาย,,,https://www.google.com/maps/search/?api=1&query=%E0%B8%AB%E0%B8%88%E0%B8%81.%E0%B8%A1%E0%B8%B5%20%E0%B8%A1%E0%B8%AD%E0%B8%A3%E0%B9%8C%20%E0%B9%80%E0%B8%9E%E0%B9%87%E0%B8%97%20%E0%B8%8B%E0%B8%B1%E0%B8%9E%E0%B8%9E%E0%B8%A5%E0%B8%B2%E0%B8%A2%20%E0%B9%80%E0%B8%A5%E0%B8%82%E0%B8%97%E0%B8%B5%E0%B9%8845/19-20%E0%B8%AB%E0%B8%A1%E0%B8%B9%E0%B9%884%E0%B8%96.%E0%B8%9E%E0%B8%B1%E0%B8%92%E0%B8%99%E0%B8%B2%E0%B8%9B%E0%B8%A3%E0%B8%B0%E0%B9%80%E0%B8%AA%E0%B8%A3%E0%B8%B4%E0%B8%90,หจก.มี มอร์ เพ็ท ซัพพลาย,,,https://www.google.com/maps/search/?api=1&query=%E0%B8%AB%E0%B8%88%E0%B8%81.%E0%B8%A1%E0%B8%B5%20%E0%B8%A1%E0%B8%AD%E0%B8%A3%E0%B9%8C%20%E0%B9%80%E0%B8%9E%E0%B9%87%E0%B8%97%20%E0%B8%8B%E0%B8%B1%E0%B8%9E%E0%B8%9E%E0%B8%A5%E0%B8%B2%E0%B8%A2%20%E0%B9%80%E0%B8%A5%E0%B8%82%E0%B8%97%E0%B8%B5%E0%B9%8845/19-20%E0%B8%AB%E0%B8%A1%E0%B8%B9%E0%B9%884%E0%B8%96.%E0%B8%9E%E0%B8%B1%E0%B8%92%E0%B8%99%E0%B8%B2%E0%B8%9B%E0%B8%A3%E0%B8%B0%E0%B9%80%E0%B8%AA%E0%B8%A3%E0%B8%B4%E0%B8%90,พิกัดต้นทาง + พิกัดปลายทาง
SKN,หน้ามอ Pet Shop,หน้ามอ Pet Shop,,,https://www.google.com/maps/search/?api=1&query=%E0%B8%AB%E0%B8%99%E0%B9%89%E0%B8%B2%E0%B8%A1%E0%B8%AD%20Pet%20Shop%209/1%E0%B8%A1.3,หน้ามอ Pet Shop,,,https://www.google.com/maps/search/?api=1&query=%E0%B8%AB%E0%B8%99%E0%B9%89%E0%B8%B2%E0%B8%A1%E0%B8%AD%20Pet%20Shop%209/1%E0%B8%A1.3,พิกัดต้นทาง + พิกัดปลายทาง
SKN,หม่งฮงพานิชย์,หม่งฮงพานิชย์,,,https://www.google.com/maps/search/?api=1&query=%E0%B8%AB%E0%B8%A1%E0%B9%88%E0%B8%87%E0%B8%AE%E0%B8%87%E0%B8%9E%E0%B8%B2%E0%B8%99%E0%B8%B4%E0%B8%8A%E0%B8%A2%E0%B9%8C%20507-36-37,หม่งฮงพานิชย์,,,https://www.google.com/maps/search/?api=1&query=%E0%B8%AB%E0%B8%A1%E0%B9%88%E0%B8%87%E0%B8%AE%E0%B8%87%E0%B8%9E%E0%B8%B2%E0%B8%99%E0%B8%B4%E0%B8%8A%E0%B8%A2%E0%B9%8C%20507-36-37,พิกัดต้นทาง + พิกัดปลายทาง
SKN,หม่ามี๊ เพ็ทช็อป,หม่ามี๊ เพ็ทช็อป,,,https://www.google.com/maps/search/?api=1&query=%E0%B8%AB%E0%B8%A1%E0%B9%88%E0%B8%B2%E0%B8%A1%E0%B8%B5%E0%B9%8A%20%E0%B9%80%E0%B8%9E%E0%B9%87%E0%B8%97%E0%B8%8A%E0%B9%87%E0%B8%AD%E0%B8%9B%202103/20%E0%B8%A1.15,หม่ามี๊ เพ็ทช็อป,,,https://www.google.com/maps/search/?api=1&query=%E0%B8%AB%E0%B8%A1%E0%B9%88%E0%B8%B2%E0%B8%A1%E0%B8%B5%E0%B9%8A%20%E0%B9%80%E0%B8%9E%E0%B9%87%E0%B8%97%E0%B8%8A%E0%B9%87%E0%B8%AD%E0%B8%9B%202103/20%E0%B8%A1.15,พิกัดต้นทาง + พิกัดปลายทาง
SKN,ห้างหุ้นส่วนจำกัด แบรดชิโร่,ห้างหุ้นส่วนจำกัด แบรดชิโร่,,,https://www.google.com/maps/search/?api=1&query=%E0%B8%AB%E0%B9%89%E0%B8%B2%E0%B8%87%E0%B8%AB%E0%B8%B8%E0%B9%89%E0%B8%99%E0%B8%AA%E0%B9%88%E0%B8%A7%E0%B8%99%E0%B8%88%E0%B8%B3%E0%B8%81%E0%B8%B1%E0%B8%94%20%E0%B9%81%E0%B8%9A%E0%B8%A3%E0%B8%94%E0%B8%8A%E0%B8%B4%E0%B9%82%E0%B8%A3%E0%B9%88%20999/338%E0%B8%A1.2,ห้างหุ้นส่วนจำกัด แบรดชิโร่,,,https://www.google.com/maps/search/?api=1&query=%E0%B8%AB%E0%B9%89%E0%B8%B2%E0%B8%87%E0%B8%AB%E0%B8%B8%E0%B9%89%E0%B8%99%E0%B8%AA%E0%B9%88%E0%B8%A7%E0%B8%99%E0%B8%88%E0%B8%B3%E0%B8%81%E0%B8%B1%E0%B8%94%20%E0%B9%81%E0%B8%9A%E0%B8%A3%E0%B8%94%E0%B8%8A%E0%B8%B4%E0%B9%82%E0%B8%A3%E0%B9%88%20999/338%E0%B8%A1.2,พิกัดต้นทาง + พิกัดปลายทาง
SKN,ห้างหุ้นส่วนสามัญ ทำเจริญ,ห้างหุ้นส่วนสามัญ ทำเจริญ,,,https://www.google.com/maps/search/?api=1&query=%E0%B8%AB%E0%B9%89%E0%B8%B2%E0%B8%87%E0%B8%AB%E0%B8%B8%E0%B9%89%E0%B8%99%E0%B8%AA%E0%B9%88%E0%B8%A7%E0%B8%99%E0%B8%AA%E0%B8%B2%E0%B8%A1%E0%B8%B1%E0%B8%8D%20%E0%B8%97%E0%B8%B3%E0%B9%80%E0%B8%88%E0%B8%A3%E0%B8%B4%E0%B8%8D%20%E0%B9%80%E0%B8%A5%E0%B8%82%E0%B8%97%E0%B8%B5%E0%B9%88102/1,ห้างหุ้นส่วนสามัญ ทำเจริญ,,,https://www.google.com/maps/search/?api=1&query=%E0%B8%AB%E0%B9%89%E0%B8%B2%E0%B8%87%E0%B8%AB%E0%B8%B8%E0%B9%89%E0%B8%99%E0%B8%AA%E0%B9%88%E0%B8%A7%E0%B8%99%E0%B8%AA%E0%B8%B2%E0%B8%A1%E0%B8%B1%E0%B8%8D%20%E0%B8%97%E0%B8%B3%E0%B9%80%E0%B8%88%E0%B8%A3%E0%B8%B4%E0%B8%8D%20%E0%B9%80%E0%B8%A5%E0%B8%82%E0%B8%97%E0%B8%B5%E0%B9%88102/1,พิกัดต้นทาง + พิกัดปลายทาง
SKN,อมตะ เพ็ทช็อป,อมตะ เพ็ทช็อป,,,https://www.google.com/maps/search/?api=1&query=%E0%B8%AD%E0%B8%A1%E0%B8%95%E0%B8%B0%20%E0%B9%80%E0%B8%9E%E0%B9%87%E0%B8%97%E0%B8%8A%E0%B9%87%E0%B8%AD%E0%B8%9B%20%E0%B9%80%E0%B8%A5%E0%B8%82%E0%B8%97%E0%B8%B5%E0%B9%88888/11,อมตะ เพ็ทช็อป,,,https://www.google.com/maps/search/?api=1&query=%E0%B8%AD%E0%B8%A1%E0%B8%95%E0%B8%B0%20%E0%B9%80%E0%B8%9E%E0%B9%87%E0%B8%97%E0%B8%8A%E0%B9%87%E0%B8%AD%E0%B8%9B%20%E0%B9%80%E0%B8%A5%E0%B8%82%E0%B8%97%E0%B8%B5%E0%B9%88888/11,พิกัดต้นทาง + พิกัดปลายทาง
SKN,อมิโก้ เพ็ทช็อป,อมิโก้ เพ็ทช็อป,,,https://www.google.com/maps/search/?api=1&query=%E0%B8%AD%E0%B8%A1%E0%B8%B4%E0%B9%82%E0%B8%81%E0%B9%89%20%E0%B9%80%E0%B8%9E%E0%B9%87%E0%B8%97%E0%B8%8A%E0%B9%87%E0%B8%AD%E0%B8%9B%20%E0%B9%80%E0%B8%A5%E0%B8%82%E0%B8%97%E0%B8%B5%E0%B9%8853%E0%B8%96%E0%B8%99%E0%B8%99%E0%B8%9B%E0%B8%97%E0%B8%B8%E0%B8%A1-%E0%B8%81%E0%B8%A3%E0%B8%B8%E0%B8%87%E0%B9%80%E0%B8%97%E0%B8%9E,อมิโก้ เพ็ทช็อป,,,https://www.google.com/maps/search/?api=1&query=%E0%B8%AD%E0%B8%A1%E0%B8%B4%E0%B9%82%E0%B8%81%E0%B9%89%20%E0%B9%80%E0%B8%9E%E0%B9%87%E0%B8%97%E0%B8%8A%E0%B9%87%E0%B8%AD%E0%B8%9B%20%E0%B9%80%E0%B8%A5%E0%B8%82%E0%B8%97%E0%B8%B5%E0%B9%8853%E0%B8%96%E0%B8%99%E0%B8%99%E0%B8%9B%E0%B8%97%E0%B8%B8%E0%B8%A1-%E0%B8%81%E0%B8%A3%E0%B8%B8%E0%B8%87%E0%B9%80%E0%B8%97%E0%B8%9E,พิกัดต้นทาง + พิกัดปลายทาง
SKN,อ้อเพื่อนรักสัตว์เลี้ยง,อ้อเพื่อนรักสัตว์เลี้ยง,,,https://www.google.com/maps/search/?api=1&query=%E0%B8%AD%E0%B9%89%E0%B8%AD%E0%B9%80%E0%B8%9E%E0%B8%B7%E0%B9%88%E0%B8%AD%E0%B8%99%E0%B8%A3%E0%B8%B1%E0%B8%81%E0%B8%AA%E0%B8%B1%E0%B8%95%E0%B8%A7%E0%B9%8C%E0%B9%80%E0%B8%A5%E0%B8%B5%E0%B9%89%E0%B8%A2%E0%B8%87%2033/157%E0%B8%AB%E0%B8%A1%E0%B8%B9%E0%B9%883,อ้อเพื่อนรักสัตว์เลี้ยง,,,https://www.google.com/maps/search/?api=1&query=%E0%B8%AD%E0%B9%89%E0%B8%AD%E0%B9%80%E0%B8%9E%E0%B8%B7%E0%B9%88%E0%B8%AD%E0%B8%99%E0%B8%A3%E0%B8%B1%E0%B8%81%E0%B8%AA%E0%B8%B1%E0%B8%95%E0%B8%A7%E0%B9%8C%E0%B9%80%E0%B8%A5%E0%B8%B5%E0%B9%89%E0%B8%A2%E0%B8%87%2033/157%E0%B8%AB%E0%B8%A1%E0%B8%B9%E0%B9%883,พิกัดต้นทาง + พิกัดปลายทาง
SKN,อาร์เอส เพ็ท ออล สาขา The Grove,อาร์เอส เพ็ท ออล สาขา The Grove,,,https://www.google.com/maps/search/?api=1&query=%E0%B8%AD%E0%B8%B2%E0%B8%A3%E0%B9%8C%E0%B9%80%E0%B8%AD%E0%B8%AA%20%E0%B9%80%E0%B8%9E%E0%B9%87%E0%B8%97%20%E0%B8%AD%E0%B8%AD%E0%B8%A5%20%E0%B8%AA%E0%B8%B2%E0%B8%82%E0%B8%B2%20The%20Grove%20%E0%B8%AD%E0%B8%B2%E0%B8%84%E0%B8%B2%E0%B8%A3%E0%B9%80%E0%B8%A5%E0%B8%82%E0%B8%97%E0%B8%B5%E0%B9%8888%E0%B8%AB%E0%B8%A1%E0%B8%B9%E0%B9%8811%E0%B8%96%E0%B8%99%E0%B8%99%E0%B8%AB%E0%B8%97%E0%B8%B1%E0%B8%A2%E0%B8%A3%E0%B8%B2%E0%B8%A9%E0%B8%8E%E0%B8%A3%E0%B9%8C,อาร์เอส เพ็ท ออล สาขา The Grove,,,https://www.google.com/maps/search/?api=1&query=%E0%B8%AD%E0%B8%B2%E0%B8%A3%E0%B9%8C%E0%B9%80%E0%B8%AD%E0%B8%AA%20%E0%B9%80%E0%B8%9E%E0%B9%87%E0%B8%97%20%E0%B8%AD%E0%B8%AD%E0%B8%A5%20%E0%B8%AA%E0%B8%B2%E0%B8%82%E0%B8%B2%20The%20Grove%20%E0%B8%AD%E0%B8%B2%E0%B8%84%E0%B8%B2%E0%B8%A3%E0%B9%80%E0%B8%A5%E0%B8%82%E0%B8%97%E0%B8%B5%E0%B9%8888%E0%B8%AB%E0%B8%A1%E0%B8%B9%E0%B9%8811%E0%B8%96%E0%B8%99%E0%B8%99%E0%B8%AB%E0%B8%97%E0%B8%B1%E0%B8%A2%E0%B8%A3%E0%B8%B2%E0%B8%A9%E0%B8%8E%E0%B8%A3%E0%B9%8C,พิกัดต้นทาง + พิกัดปลายทาง
SKN,อินทัช เพ็ทช็อป,อินทัช เพ็ทช็อป,,,https://www.google.com/maps/search/?api=1&query=%E0%B8%AD%E0%B8%B4%E0%B8%99%E0%B8%97%E0%B8%B1%E0%B8%8A%20%E0%B9%80%E0%B8%9E%E0%B9%87%E0%B8%97%E0%B8%8A%E0%B9%87%E0%B8%AD%E0%B8%9B%2044/2%E0%B8%96.%E0%B8%AA%E0%B8%B8%E0%B8%82%E0%B8%B2%E0%B8%9B%E0%B8%A3%E0%B8%B0%E0%B8%8A%E0%B8%B2%E0%B8%AA%E0%B8%A3%E0%B8%A3%E0%B8%84%E0%B9%8C3,อินทัช เพ็ทช็อป,,,https://www.google.com/maps/search/?api=1&query=%E0%B8%AD%E0%B8%B4%E0%B8%99%E0%B8%97%E0%B8%B1%E0%B8%8A%20%E0%B9%80%E0%B8%9E%E0%B9%87%E0%B8%97%E0%B8%8A%E0%B9%87%E0%B8%AD%E0%B8%9B%2044/2%E0%B8%96.%E0%B8%AA%E0%B8%B8%E0%B8%82%E0%B8%B2%E0%B8%9B%E0%B8%A3%E0%B8%B0%E0%B8%8A%E0%B8%B2%E0%B8%AA%E0%B8%A3%E0%B8%A3%E0%B8%84%E0%B9%8C3,พิกัดต้นทาง + พิกัดปลายทาง
SKN,อูโน่ เพ็ทช็อป,อูโน่ เพ็ทช็อป,,,https://www.google.com/maps/search/?api=1&query=%E0%B8%AD%E0%B8%B9%E0%B9%82%E0%B8%99%E0%B9%88%20%E0%B9%80%E0%B8%9E%E0%B9%87%E0%B8%97%E0%B8%8A%E0%B9%87%E0%B8%AD%E0%B8%9B%20251/109%E0%B8%8B%E0%B8%AD%E0%B8%A2%E0%B8%AB%E0%B8%A1%E0%B8%B9%E0%B9%88%E0%B8%9A%E0%B9%89%E0%B8%B2%E0%B8%99%E0%B8%99%E0%B8%A3%E0%B8%B2%E0%B8%A7%E0%B8%94%E0%B8%B5,อูโน่ เพ็ทช็อป,,,https://www.google.com/maps/search/?api=1&query=%E0%B8%AD%E0%B8%B9%E0%B9%82%E0%B8%99%E0%B9%88%20%E0%B9%80%E0%B8%9E%E0%B9%87%E0%B8%97%E0%B8%8A%E0%B9%87%E0%B8%AD%E0%B8%9B%20251/109%E0%B8%8B%E0%B8%AD%E0%B8%A2%E0%B8%AB%E0%B8%A1%E0%B8%B9%E0%B9%88%E0%B8%9A%E0%B9%89%E0%B8%B2%E0%B8%99%E0%B8%99%E0%B8%A3%E0%B8%B2%E0%B8%A7%E0%B8%94%E0%B8%B5,พิกัดต้นทาง + พิกัดปลายทาง
SKN,แอร์วิลล่า อาหารสัตว์,แอร์วิลล่า อาหารสัตว์,,,https://www.google.com/maps/search/?api=1&query=%E0%B9%81%E0%B8%AD%E0%B8%A3%E0%B9%8C%E0%B8%A7%E0%B8%B4%E0%B8%A5%E0%B8%A5%E0%B9%88%E0%B8%B2%20%E0%B8%AD%E0%B8%B2%E0%B8%AB%E0%B8%B2%E0%B8%A3%E0%B8%AA%E0%B8%B1%E0%B8%95%E0%B8%A7%E0%B9%8C%20%E0%B9%80%E0%B8%A5%E0%B8%82%E0%B8%97%E0%B8%B5%E0%B9%8812/1%E0%B8%AB%E0%B8%A1%E0%B8%B9%E0%B9%882%E0%B8%8B%E0%B8%AD%E0%B8%A2%E0%B9%80%E0%B8%9B%E0%B8%B5%E0%B8%A2%E0%B8%A3%E0%B9%8C%E0%B8%99%E0%B8%99%E0%B8%97%E0%B9%8C,แอร์วิลล่า อาหารสัตว์,,,https://www.google.com/maps/search/?api=1&query=%E0%B9%81%E0%B8%AD%E0%B8%A3%E0%B9%8C%E0%B8%A7%E0%B8%B4%E0%B8%A5%E0%B8%A5%E0%B9%88%E0%B8%B2%20%E0%B8%AD%E0%B8%B2%E0%B8%AB%E0%B8%B2%E0%B8%A3%E0%B8%AA%E0%B8%B1%E0%B8%95%E0%B8%A7%E0%B9%8C%20%E0%B9%80%E0%B8%A5%E0%B8%82%E0%B8%97%E0%B8%B5%E0%B9%8812/1%E0%B8%AB%E0%B8%A1%E0%B8%B9%E0%B9%882%E0%B8%8B%E0%B8%AD%E0%B8%A2%E0%B9%80%E0%B8%9B%E0%B8%B5%E0%B8%A2%E0%B8%A3%E0%B9%8C%E0%B8%99%E0%B8%99%E0%B8%97%E0%B9%8C,พิกัดต้นทาง + พิกัดปลายทาง
SKN,โอกะเนะ เพ็ทช็อป (คุณจิรฎฐ์ รัตน์วรนันท์),โอกะเนะ เพ็ทช็อป (คุณจิรฎฐ์ รัตน์วรนันท์),,,https://www.google.com/maps/search/?api=1&query=%E0%B9%82%E0%B8%AD%E0%B8%81%E0%B8%B0%E0%B9%80%E0%B8%99%E0%B8%B0%20%E0%B9%80%E0%B8%9E%E0%B9%87%E0%B8%97%E0%B8%8A%E0%B9%87%E0%B8%AD%E0%B8%9B%20%28%E0%B8%84%E0%B8%B8%E0%B8%93%E0%B8%88%E0%B8%B4%E0%B8%A3%E0%B8%8E%E0%B8%90%E0%B9%8C%20%E0%B8%A3%E0%B8%B1%E0%B8%95%E0%B8%99%E0%B9%8C%E0%B8%A7%E0%B8%A3%E0%B8%99%E0%B8%B1%E0%B8%99%E0%B8%97%E0%B9%8C%29%2055/17%E0%B8%AB%E0%B8%A1%E0%B8%B9%E0%B9%882,โอกะเนะ เพ็ทช็อป (คุณจิรฎฐ์ รัตน์วรนันท์),,,https://www.google.com/maps/search/?api=1&query=%E0%B9%82%E0%B8%AD%E0%B8%81%E0%B8%B0%E0%B9%80%E0%B8%99%E0%B8%B0%20%E0%B9%80%E0%B8%9E%E0%B9%87%E0%B8%97%E0%B8%8A%E0%B9%87%E0%B8%AD%E0%B8%9B%20%28%E0%B8%84%E0%B8%B8%E0%B8%93%E0%B8%88%E0%B8%B4%E0%B8%A3%E0%B8%8E%E0%B8%90%E0%B9%8C%20%E0%B8%A3%E0%B8%B1%E0%B8%95%E0%B8%99%E0%B9%8C%E0%B8%A7%E0%B8%A3%E0%B8%99%E0%B8%B1%E0%B8%99%E0%B8%97%E0%B9%8C%29%2055/17%E0%B8%AB%E0%B8%A1%E0%B8%B9%E0%B9%882,พิกัดต้นทาง + พิกัดปลายทาง
SKN,แฮปปี้ พอส์ เพ็ทช็อป,แฮปปี้ พอส์ เพ็ทช็อป,,,https://www.google.com/maps/search/?api=1&query=%E0%B9%81%E0%B8%AE%E0%B8%9B%E0%B8%9B%E0%B8%B5%E0%B9%89%20%E0%B8%9E%E0%B8%AD%E0%B8%AA%E0%B9%8C%20%E0%B9%80%E0%B8%9E%E0%B9%87%E0%B8%97%E0%B8%8A%E0%B9%87%E0%B8%AD%E0%B8%9B%20169/15%E0%B8%A1.4,แฮปปี้ พอส์ เพ็ทช็อป,,,https://www.google.com/maps/search/?api=1&query=%E0%B9%81%E0%B8%AE%E0%B8%9B%E0%B8%9B%E0%B8%B5%E0%B9%89%20%E0%B8%9E%E0%B8%AD%E0%B8%AA%E0%B9%8C%20%E0%B9%80%E0%B8%9E%E0%B9%87%E0%B8%97%E0%B8%8A%E0%B9%87%E0%B8%AD%E0%B8%9B%20169/15%E0%B8%A1.4,พิกัดต้นทาง + พิกัดปลายทาง
SKN,แฮปปี้ไบทส์ เพ็ทช้อป,แฮปปี้ไบทส์ เพ็ทช้อป,,,https://www.google.com/maps/search/?api=1&query=%E0%B9%81%E0%B8%AE%E0%B8%9B%E0%B8%9B%E0%B8%B5%E0%B9%89%E0%B9%84%E0%B8%9A%E0%B8%97%E0%B8%AA%E0%B9%8C%20%E0%B9%80%E0%B8%9E%E0%B9%87%E0%B8%97%E0%B8%8A%E0%B9%89%E0%B8%AD%E0%B8%9B%205/6%E0%B8%AB%E0%B8%A1%E0%B8%B9%E0%B9%88%E0%B8%97%E0%B8%B5%E0%B9%888,แฮปปี้ไบทส์ เพ็ทช้อป,,,https://www.google.com/maps/search/?api=1&query=%E0%B9%81%E0%B8%AE%E0%B8%9B%E0%B8%9B%E0%B8%B5%E0%B9%89%E0%B9%84%E0%B8%9A%E0%B8%97%E0%B8%AA%E0%B9%8C%20%E0%B9%80%E0%B8%9E%E0%B9%87%E0%B8%97%E0%B8%8A%E0%B9%89%E0%B8%AD%E0%B8%9B%205/6%E0%B8%AB%E0%B8%A1%E0%B8%B9%E0%B9%88%E0%B8%97%E0%B8%B5%E0%B9%888,พิกัดต้นทาง + พิกัดปลายทาง